"bird_id","sex","colony_coord","date_time","X","Y"
"kb_29","male",c(-68.068935, -67.570716),"2022-01-06 00:03:47 UTC",-67.868745,-67.477225
"kb_29","male",c(-68.068935, -67.570716),"2022-01-06 00:13:41 UTC",-67.637237,-67.439308
"kb_29","male",c(-68.068935, -67.570716),"2022-01-06 00:23:41 UTC",-67.615306,-67.420771
"kb_29","male",c(-68.068935, -67.570716),"2022-01-06 00:33:41 UTC",-67.615045,-67.420812
"kb_29","male",c(-68.068935, -67.570716),"2022-01-06 00:43:40 UTC",-67.615105,-67.420788
"kb_29","male",c(-68.068935, -67.570716),"2022-01-06 00:53:39 UTC",-67.608916,-67.416313
"kb_29","male",c(-68.068935, -67.570716),"2022-01-06 01:03:43 UTC",-67.60288,-67.416491
"kb_29","male",c(-68.068935, -67.570716),"2022-01-06 01:13:45 UTC",-67.614402,-67.420427
"kb_29","male",c(-68.068935, -67.570716),"2022-01-06 01:23:44 UTC",-67.614373,-67.420496
"kb_29","male",c(-68.068935, -67.570716),"2022-01-06 01:33:44 UTC",-67.614273,-67.420522
"kb_29","male",c(-68.068935, -67.570716),"2022-01-06 01:43:44 UTC",-67.614158,-67.420519
"kb_29","male",c(-68.068935, -67.570716),"2022-01-06 01:53:42 UTC",-67.6142,-67.420511
"kb_29","male",c(-68.068935, -67.570716),"2022-01-06 02:03:42 UTC",-67.620793,-67.423817
"kb_29","male",c(-68.068935, -67.570716),"2022-01-06 02:13:51 UTC",-67.61057,-67.418316
"kb_29","male",c(-68.068935, -67.570716),"2022-01-06 02:23:41 UTC",-67.613089,-67.419306
"kb_29","male",c(-68.068935, -67.570716),"2022-01-06 02:33:39 UTC",-67.613042,-67.4196
"kb_29","male",c(-68.068935, -67.570716),"2022-01-06 02:43:40 UTC",-67.614356,-67.420616
"kb_29","male",c(-68.068935, -67.570716),"2022-01-06 02:53:39 UTC",-67.61425,-67.420677
"kb_29","male",c(-68.068935, -67.570716),"2022-01-06 03:03:37 UTC",-67.614357,-67.420584
"kb_29","male",c(-68.068935, -67.570716),"2022-01-06 03:13:40 UTC",-67.614501,-67.420548
"kb_29","male",c(-68.068935, -67.570716),"2022-01-06 03:23:40 UTC",-67.614475,-67.42056
"kb_29","male",c(-68.068935, -67.570716),"2022-01-06 03:33:38 UTC",-67.614678,-67.420439
"kb_29","male",c(-68.068935, -67.570716),"2022-01-06 03:43:48 UTC",-67.616966,-67.421553
"kb_29","male",c(-68.068935, -67.570716),"2022-01-06 03:53:42 UTC",-67.620579,-67.422543
"kb_29","male",c(-68.068935, -67.570716),"2022-01-06 04:03:39 UTC",-67.614555,-67.420448
"kb_29","male",c(-68.068935, -67.570716),"2022-01-06 04:13:39 UTC",-67.614666,-67.420429
"kb_29","male",c(-68.068935, -67.570716),"2022-01-06 04:23:38 UTC",-67.614624,-67.420431
"kb_29","male",c(-68.068935, -67.570716),"2022-01-06 04:33:37 UTC",-67.614616,-67.420472
"kb_29","male",c(-68.068935, -67.570716),"2022-01-06 04:44:14 UTC",-67.614425,-67.420159
"kb_29","male",c(-68.068935, -67.570716),"2022-01-06 04:54:15 UTC",-67.611035,-67.417953
"kb_29","male",c(-68.068935, -67.570716),"2022-01-06 05:04:15 UTC",-67.614575,-67.420411
"kb_29","male",c(-68.068935, -67.570716),"2022-01-06 05:14:18 UTC",-67.614611,-67.420474
"kb_29","male",c(-68.068935, -67.570716),"2022-01-06 05:24:10 UTC",-67.614694,-67.420498
"kb_29","male",c(-68.068935, -67.570716),"2022-01-06 05:34:09 UTC",-67.616861,-67.420344
"kb_29","male",c(-68.068935, -67.570716),"2022-01-06 05:44:03 UTC",-67.616145,-67.420664
"kb_29","male",c(-68.068935, -67.570716),"2022-01-06 05:54:01 UTC",-67.615793,-67.420836
"kb_29","male",c(-68.068935, -67.570716),"2022-01-06 06:04:03 UTC",-67.616109,-67.421373
"kb_29","male",c(-68.068935, -67.570716),"2022-01-06 06:13:55 UTC",-67.617733,-67.422016
"kb_29","male",c(-68.068935, -67.570716),"2022-01-06 06:23:56 UTC",-67.622419,-67.424028
"kb_29","male",c(-68.068935, -67.570716),"2022-01-06 06:33:52 UTC",-67.779206,-67.465718
"kb_29","male",c(-68.068935, -67.570716),"2022-01-06 06:43:46 UTC",-67.962835,-67.521971
"kb_29","male",c(-68.068935, -67.570716),"2022-01-06 21:52:22 UTC",-68.018995,-67.536191
"kb_29","male",c(-68.068935, -67.570716),"2022-01-06 22:02:20 UTC",-67.857422,-67.497745
"kb_29","male",c(-68.068935, -67.570716),"2022-01-06 22:12:15 UTC",-67.66811,-67.462066
"kb_29","male",c(-68.068935, -67.570716),"2022-01-06 22:22:46 UTC",-67.620689,-67.423216
"kb_29","male",c(-68.068935, -67.570716),"2022-01-06 22:32:46 UTC",-67.614206,-67.420581
"kb_29","male",c(-68.068935, -67.570716),"2022-01-06 22:42:40 UTC",-67.614381,-67.42052
"kb_29","male",c(-68.068935, -67.570716),"2022-01-06 22:52:42 UTC",-67.614317,-67.420597
"kb_29","male",c(-68.068935, -67.570716),"2022-01-06 23:02:38 UTC",-67.614352,-67.420608
"kb_29","male",c(-68.068935, -67.570716),"2022-01-06 23:12:33 UTC",-67.615066,-67.4202
"kb_29","male",c(-68.068935, -67.570716),"2022-01-06 23:22:31 UTC",-67.612901,-67.419845
"kb_29","male",c(-68.068935, -67.570716),"2022-01-06 23:32:30 UTC",-67.612917,-67.419835
"kb_29","male",c(-68.068935, -67.570716),"2022-01-06 23:42:24 UTC",-67.612988,-67.419807
"kb_29","male",c(-68.068935, -67.570716),"2022-01-06 23:52:24 UTC",-67.612815,-67.419848
"kb_29","male",c(-68.068935, -67.570716),"2022-01-05 00:08:28 UTC",-67.915787,-67.440287
"kb_29","male",c(-68.068935, -67.570716),"2022-01-05 00:18:21 UTC",-67.915784,-67.440251
"kb_29","male",c(-68.068935, -67.570716),"2022-01-05 00:28:21 UTC",-67.915754,-67.440237
"kb_29","male",c(-68.068935, -67.570716),"2022-01-05 00:38:19 UTC",-67.915599,-67.440359
"kb_29","male",c(-68.068935, -67.570716),"2022-01-05 00:49:05 UTC",-67.914623,-67.442407
"kb_29","male",c(-68.068935, -67.570716),"2022-01-05 00:59:06 UTC",-67.925483,-67.440646
"kb_29","male",c(-68.068935, -67.570716),"2022-01-05 01:09:05 UTC",-67.925497,-67.440645
"kb_29","male",c(-68.068935, -67.570716),"2022-01-05 01:18:58 UTC",-67.925461,-67.440629
"kb_29","male",c(-68.068935, -67.570716),"2022-01-05 01:29:05 UTC",-67.925165,-67.439972
"kb_29","male",c(-68.068935, -67.570716),"2022-01-05 01:39:04 UTC",-67.926605,-67.440062
"kb_29","male",c(-68.068935, -67.570716),"2022-01-05 01:48:58 UTC",-67.915507,-67.440192
"kb_29","male",c(-68.068935, -67.570716),"2022-01-05 01:58:57 UTC",-67.915653,-67.440211
"kb_29","male",c(-68.068935, -67.570716),"2022-01-05 02:08:56 UTC",-67.915689,-67.44024
"kb_29","male",c(-68.068935, -67.570716),"2022-01-05 02:18:50 UTC",-67.913711,-67.441264
"kb_29","male",c(-68.068935, -67.570716),"2022-01-05 02:28:51 UTC",-67.914101,-67.442243
"kb_29","male",c(-68.068935, -67.570716),"2022-01-05 02:38:50 UTC",-67.913366,-67.44257
"kb_29","male",c(-68.068935, -67.570716),"2022-01-05 02:48:43 UTC",-67.914342,-67.448243
"kb_29","male",c(-68.068935, -67.570716),"2022-01-05 02:58:43 UTC",-67.913621,-67.451053
"kb_29","male",c(-68.068935, -67.570716),"2022-01-05 03:08:41 UTC",-67.913491,-67.451075
"kb_29","male",c(-68.068935, -67.570716),"2022-01-05 03:18:35 UTC",-67.913461,-67.451006
"kb_29","male",c(-68.068935, -67.570716),"2022-01-05 03:28:34 UTC",-67.913491,-67.451044
"kb_29","male",c(-68.068935, -67.570716),"2022-01-05 03:39:05 UTC",-67.913143,-67.45122
"kb_29","male",c(-68.068935, -67.570716),"2022-01-05 03:48:58 UTC",-67.917543,-67.453157
"kb_29","male",c(-68.068935, -67.570716),"2022-01-05 03:59:00 UTC",-67.917496,-67.453238
"kb_29","male",c(-68.068935, -67.570716),"2022-01-05 04:08:56 UTC",-67.916261,-67.453266
"kb_29","male",c(-68.068935, -67.570716),"2022-01-05 04:18:51 UTC",-67.95481,-67.467949
"kb_29","male",c(-68.068935, -67.570716),"2022-01-05 04:28:50 UTC",-68.049298,-67.542877
"kb_19","male",c(-68.068935, -67.570716),"2022-01-04 01:46:55 UTC",-67.991949,-67.480473
"kb_19","male",c(-68.068935, -67.570716),"2022-01-04 01:57:40 UTC",-67.94854,-67.452143
"kb_19","male",c(-68.068935, -67.570716),"2022-01-04 02:07:40 UTC",-67.933839,-67.445396
"kb_19","male",c(-68.068935, -67.570716),"2022-01-04 02:17:37 UTC",-67.934117,-67.44539
"kb_19","male",c(-68.068935, -67.570716),"2022-01-04 02:27:36 UTC",-67.934205,-67.445354
"kb_19","male",c(-68.068935, -67.570716),"2022-01-04 02:37:35 UTC",-67.933727,-67.445584
"kb_19","male",c(-68.068935, -67.570716),"2022-01-04 02:47:31 UTC",-67.933731,-67.445619
"kb_19","male",c(-68.068935, -67.570716),"2022-01-04 02:57:27 UTC",-67.933509,-67.445509
"kb_19","male",c(-68.068935, -67.570716),"2022-01-04 03:07:27 UTC",-67.935146,-67.445626
"kb_19","male",c(-68.068935, -67.570716),"2022-01-04 03:17:23 UTC",-67.933699,-67.444901
"kb_19","male",c(-68.068935, -67.570716),"2022-01-04 03:27:21 UTC",-67.934503,-67.446301
"kb_19","male",c(-68.068935, -67.570716),"2022-01-04 03:37:20 UTC",-67.934508,-67.446224
"kb_19","male",c(-68.068935, -67.570716),"2022-01-04 03:48:19 UTC",-67.940044,-67.447152
"kb_19","male",c(-68.068935, -67.570716),"2022-01-04 03:58:16 UTC",-67.936259,-67.446677
"kb_19","male",c(-68.068935, -67.570716),"2022-01-04 04:08:18 UTC",-67.933809,-67.444809
"kb_19","male",c(-68.068935, -67.570716),"2022-01-04 04:18:11 UTC",-67.933487,-67.445638
"kb_19","male",c(-68.068935, -67.570716),"2022-01-04 04:28:10 UTC",-67.93332,-67.445443
"kb_19","male",c(-68.068935, -67.570716),"2022-01-04 04:38:09 UTC",-67.93329,-67.445483
"kb_19","male",c(-68.068935, -67.570716),"2022-01-04 04:48:03 UTC",-67.933323,-67.445486
"kb_19","male",c(-68.068935, -67.570716),"2022-01-04 04:58:02 UTC",-67.933358,-67.445572
"kb_19","male",c(-68.068935, -67.570716),"2022-01-04 05:08:01 UTC",-67.932953,-67.444034
"kb_19","male",c(-68.068935, -67.570716),"2022-01-04 05:17:58 UTC",-67.93273,-67.444947
"kb_19","male",c(-68.068935, -67.570716),"2022-01-04 05:27:57 UTC",-67.93275,-67.44498
"kb_19","male",c(-68.068935, -67.570716),"2022-01-04 05:37:56 UTC",-67.932767,-67.445131
"kb_19","male",c(-68.068935, -67.570716),"2022-01-04 05:47:50 UTC",-67.932896,-67.444836
"kb_19","male",c(-68.068935, -67.570716),"2022-01-04 05:57:50 UTC",-67.935233,-67.445307
"kb_19","male",c(-68.068935, -67.570716),"2022-01-04 06:07:51 UTC",-67.933401,-67.444389
"kb_19","male",c(-68.068935, -67.570716),"2022-01-04 06:17:44 UTC",-67.940665,-67.447694
"kb_19","male",c(-68.068935, -67.570716),"2022-01-04 06:29:10 UTC",-67.938994,-67.447502
"kb_19","male",c(-68.068935, -67.570716),"2022-01-04 06:38:59 UTC",-67.952881,-67.456678
"kb_19","male",c(-68.068935, -67.570716),"2022-01-04 06:49:00 UTC",-67.953056,-67.45383
"kb_19","male",c(-68.068935, -67.570716),"2022-01-04 06:58:58 UTC",-67.952771,-67.4543
"kb_19","male",c(-68.068935, -67.570716),"2022-01-04 07:08:58 UTC",-67.953609,-67.454658
"kb_19","male",c(-68.068935, -67.570716),"2022-01-04 07:19:44 UTC",-67.953988,-67.455505
"kb_19","male",c(-68.068935, -67.570716),"2022-01-04 07:29:42 UTC",-67.95471,-67.459722
"kb_19","male",c(-68.068935, -67.570716),"2022-01-04 07:39:41 UTC",-67.954723,-67.459649
"kb_19","male",c(-68.068935, -67.570716),"2022-01-04 07:49:37 UTC",-67.954568,-67.459799
"kb_19","male",c(-68.068935, -67.570716),"2022-01-04 07:59:36 UTC",-67.954576,-67.459819
"kb_19","male",c(-68.068935, -67.570716),"2022-01-04 08:09:34 UTC",-67.97052,-67.469145
"kb_19","male",c(-68.068935, -67.570716),"2022-01-04 08:19:28 UTC",-67.970247,-67.469024
"kb_19","male",c(-68.068935, -67.570716),"2022-01-04 08:29:27 UTC",-68.002418,-67.489433
"kb_19","male",c(-68.068935, -67.570716),"2022-01-05 01:15:00 UTC",-68.006195,-67.486669
"kb_19","male",c(-68.068935, -67.570716),"2022-01-05 01:24:59 UTC",-67.952572,-67.453352
"kb_19","male",c(-68.068935, -67.570716),"2022-01-05 01:35:01 UTC",-67.951413,-67.452925
"kb_19","male",c(-68.068935, -67.570716),"2022-01-05 01:45:03 UTC",-67.954016,-67.449939
"kb_19","male",c(-68.068935, -67.570716),"2022-01-05 01:55:03 UTC",-67.954054,-67.449899
"kb_19","male",c(-68.068935, -67.570716),"2022-01-05 02:05:01 UTC",-67.954013,-67.449983
"kb_19","male",c(-68.068935, -67.570716),"2022-01-05 02:15:00 UTC",-67.954634,-67.450249
"kb_19","male",c(-68.068935, -67.570716),"2022-01-05 02:25:00 UTC",-67.95793,-67.450848
"kb_19","male",c(-68.068935, -67.570716),"2022-01-05 02:35:18 UTC",-67.957985,-67.452749
"kb_19","male",c(-68.068935, -67.570716),"2022-01-05 02:45:23 UTC",-67.958675,-67.452887
"kb_19","male",c(-68.068935, -67.570716),"2022-01-05 02:55:22 UTC",-67.95863,-67.452848
"kb_19","male",c(-68.068935, -67.570716),"2022-01-05 03:05:29 UTC",-67.959097,-67.452858
"kb_19","male",c(-68.068935, -67.570716),"2022-01-05 03:15:13 UTC",-67.958579,-67.452804
"kb_19","male",c(-68.068935, -67.570716),"2022-01-05 03:25:15 UTC",-67.959107,-67.4529
"kb_19","male",c(-68.068935, -67.570716),"2022-01-05 03:35:11 UTC",-67.958694,-67.452767
"kb_19","male",c(-68.068935, -67.570716),"2022-01-05 03:45:08 UTC",-67.958704,-67.452896
"kb_19","male",c(-68.068935, -67.570716),"2022-01-05 03:55:08 UTC",-67.958671,-67.452944
"kb_19","male",c(-68.068935, -67.570716),"2022-01-05 04:05:04 UTC",-67.958712,-67.452812
"kb_19","male",c(-68.068935, -67.570716),"2022-01-05 04:15:00 UTC",-67.958153,-67.452111
"kb_19","male",c(-68.068935, -67.570716),"2022-01-05 04:25:02 UTC",-67.95822,-67.449822
"kb_19","male",c(-68.068935, -67.570716),"2022-01-05 04:34:58 UTC",-67.948535,-67.451532
"kb_19","male",c(-68.068935, -67.570716),"2022-01-05 04:44:56 UTC",-67.953511,-67.455123
"kb_19","male",c(-68.068935, -67.570716),"2022-01-05 04:55:12 UTC",-67.958284,-67.453104
"kb_19","male",c(-68.068935, -67.570716),"2022-01-05 05:05:12 UTC",-67.958441,-67.454047
"kb_19","male",c(-68.068935, -67.570716),"2022-01-05 05:15:17 UTC",-67.959232,-67.45445
"kb_19","male",c(-68.068935, -67.570716),"2022-01-05 05:25:15 UTC",-67.958335,-67.454908
"kb_19","male",c(-68.068935, -67.570716),"2022-01-05 05:35:14 UTC",-67.957628,-67.455187
"kb_19","male",c(-68.068935, -67.570716),"2022-01-05 05:45:11 UTC",-67.965609,-67.456995
"kb_19","male",c(-68.068935, -67.570716),"2022-01-05 05:55:11 UTC",-67.965912,-67.456941
"kb_19","male",c(-68.068935, -67.570716),"2022-01-05 06:05:09 UTC",-67.964954,-67.457069
"kb_19","male",c(-68.068935, -67.570716),"2022-01-05 06:15:03 UTC",-67.965793,-67.456997
"kb_19","male",c(-68.068935, -67.570716),"2022-01-05 06:25:02 UTC",-67.96579,-67.457008
"kb_19","male",c(-68.068935, -67.570716),"2022-01-05 06:35:43 UTC",-67.95077,-67.452811
"kb_19","male",c(-68.068935, -67.570716),"2022-01-05 06:45:39 UTC",-67.949395,-67.450717
"kb_19","male",c(-68.068935, -67.570716),"2022-01-05 06:55:39 UTC",-67.935119,-67.445721
"kb_19","male",c(-68.068935, -67.570716),"2022-01-05 07:05:37 UTC",-67.952919,-67.454673
"kb_19","male",c(-68.068935, -67.570716),"2022-01-05 07:17:53 UTC",-67.954188,-67.456179
"kb_19","male",c(-68.068935, -67.570716),"2022-01-05 07:27:53 UTC",-67.954479,-67.456722
"kb_19","male",c(-68.068935, -67.570716),"2022-01-05 07:37:52 UTC",-67.951983,-67.45373
"kb_19","male",c(-68.068935, -67.570716),"2022-01-05 07:47:56 UTC",-67.952541,-67.454174
"kb_19","male",c(-68.068935, -67.570716),"2022-01-05 07:57:55 UTC",-67.996051,-67.478029
"kb_27","female",c(-68.068935, -67.570716),"2022-01-04 00:12:48 UTC",0,0
"kb_27","female",c(-68.068935, -67.570716),"2022-01-04 02:22:17 UTC",-67.930013,-67.55208
"kb_27","female",c(-68.068935, -67.570716),"2022-01-04 02:34:09 UTC",-67.80841,-67.54658
"kb_27","female",c(-68.068935, -67.570716),"2022-01-04 02:44:06 UTC",-67.803065,-67.54816
"kb_27","female",c(-68.068935, -67.570716),"2022-01-04 02:54:00 UTC",-67.803112,-67.54817
"kb_27","female",c(-68.068935, -67.570716),"2022-01-04 03:03:58 UTC",-67.803146,-67.548166
"kb_27","female",c(-68.068935, -67.570716),"2022-01-04 03:13:58 UTC",-67.803341,-67.548172
"kb_27","female",c(-68.068935, -67.570716),"2022-01-04 03:25:02 UTC",-67.800534,-67.546303
"kb_27","female",c(-68.068935, -67.570716),"2022-01-04 03:35:57 UTC",-67.787306,-67.547318
"kb_27","female",c(-68.068935, -67.570716),"2022-01-04 03:45:57 UTC",-67.787197,-67.546984
"kb_27","female",c(-68.068935, -67.570716),"2022-01-04 03:55:50 UTC",-67.784604,-67.547214
"kb_27","female",c(-68.068935, -67.570716),"2022-01-04 04:05:49 UTC",-67.784789,-67.547485
"kb_27","female",c(-68.068935, -67.570716),"2022-01-04 04:17:53 UTC",-67.784074,-67.547307
"kb_27","female",c(-68.068935, -67.570716),"2022-01-04 04:27:50 UTC",-67.784968,-67.547449
"kb_27","female",c(-68.068935, -67.570716),"2022-01-04 04:37:54 UTC",-67.786221,-67.547586
"kb_27","female",c(-68.068935, -67.570716),"2022-01-04 04:47:51 UTC",-67.786226,-67.548202
"kb_27","female",c(-68.068935, -67.570716),"2022-01-04 04:57:39 UTC",-67.78625,-67.547378
"kb_27","female",c(-68.068935, -67.570716),"2022-01-04 05:07:40 UTC",-67.785635,-67.547574
"kb_27","female",c(-68.068935, -67.570716),"2022-01-04 05:17:37 UTC",-67.78484,-67.547285
"kb_27","female",c(-68.068935, -67.570716),"2022-01-04 05:27:31 UTC",-67.784503,-67.547169
"kb_27","female",c(-68.068935, -67.570716),"2022-01-04 05:37:30 UTC",-68.2696716,-67.20032896
"kb_27","female",c(-68.068935, -67.570716),"2022-01-04 05:47:37 UTC",-67.785094,-67.546982
"kb_27","female",c(-68.068935, -67.570716),"2022-01-04 05:57:23 UTC",-67.784713,-67.547128
"kb_27","female",c(-68.068935, -67.570716),"2022-01-04 06:07:24 UTC",-67.783997,-67.546966
"kb_27","female",c(-68.068935, -67.570716),"2022-01-04 06:17:21 UTC",-67.78511,-67.5472
"kb_27","female",c(-68.068935, -67.570716),"2022-01-04 06:27:15 UTC",-67.785215,-67.5468
"kb_27","female",c(-68.068935, -67.570716),"2022-01-04 07:46:57 UTC",-67.994852,-67.564112
"kb_27","female",c(-68.068935, -67.570716),"2022-01-04 07:56:51 UTC",-67.84776,-67.551639
"kb_27","female",c(-68.068935, -67.570716),"2022-01-04 08:06:51 UTC",-67.802237,-67.546561
"kb_27","female",c(-68.068935, -67.570716),"2022-01-04 08:16:51 UTC",-67.783936,-67.546817
"kb_27","female",c(-68.068935, -67.570716),"2022-01-04 08:28:12 UTC",-67.786336,-67.547568
"kb_27","female",c(-68.068935, -67.570716),"2022-01-04 08:38:12 UTC",-67.785412,-67.547102
"kb_27","female",c(-68.068935, -67.570716),"2022-01-04 08:48:12 UTC",-67.78555,-67.547072
"kb_27","female",c(-68.068935, -67.570716),"2022-01-04 08:58:15 UTC",-67.784528,-67.546787
"kb_27","female",c(-68.068935, -67.570716),"2022-01-04 09:08:15 UTC",-67.785048,-67.546611
"kb_27","female",c(-68.068935, -67.570716),"2022-01-04 09:18:00 UTC",-67.785616,-67.547354
"kb_27","female",c(-68.068935, -67.570716),"2022-01-04 09:28:05 UTC",-67.784775,-67.547656
"kb_27","female",c(-68.068935, -67.570716),"2022-01-04 09:37:53 UTC",-67.784067,-67.547111
"kb_27","female",c(-68.068935, -67.570716),"2022-01-04 09:48:50 UTC",-67.783791,-67.545916
"kb_27","female",c(-68.068935, -67.570716),"2022-01-04 09:58:46 UTC",-67.783779,-67.545813
"kb_27","female",c(-68.068935, -67.570716),"2022-01-04 10:10:42 UTC",-67.78343,-67.54576
"kb_27","female",c(-68.068935, -67.570716),"2022-01-04 10:20:41 UTC",-67.783886,-67.550277
"kb_27","female",c(-68.068935, -67.570716),"2022-01-04 10:30:35 UTC",-67.787911,-67.548989
"kb_27","female",c(-68.068935, -67.570716),"2022-01-04 10:40:34 UTC",-67.895823,-67.566577
"kb_17","male",c(-68.068935, -67.570716),"2022-01-04 10:26:41 UTC",-68.057465,-67.543733
"kb_17","male",c(-68.068935, -67.570716),"2022-01-04 10:36:39 UTC",-68.033538,-67.534006
"kb_17","male",c(-68.068935, -67.570716),"2022-01-04 10:46:33 UTC",-68.03125,-67.533275
"kb_17","male",c(-68.068935, -67.570716),"2022-01-04 10:56:41 UTC",-68.03423,-67.52557
"kb_17","male",c(-68.068935, -67.570716),"2022-01-04 11:06:32 UTC",-68.020013,-67.509511
"kb_17","male",c(-68.068935, -67.570716),"2022-01-04 11:16:27 UTC",-68.00905,-67.509057
"kb_17","male",c(-68.068935, -67.570716),"2022-01-04 11:27:31 UTC",-68.003689,-67.508199
"kb_17","male",c(-68.068935, -67.570716),"2022-01-04 11:37:30 UTC",-67.987625,-67.491742
"kb_17","male",c(-68.068935, -67.570716),"2022-01-04 11:47:24 UTC",-67.868866,-67.407269
"kb_17","male",c(-68.068935, -67.570716),"2022-01-04 11:57:23 UTC",-67.811081,-67.307761
"kb_17","male",c(-68.068935, -67.570716),"2022-01-04 12:07:22 UTC",-67.803743,-67.284585
"kb_17","male",c(-68.068935, -67.570716),"2022-01-04 12:19:40 UTC",-67.801071,-67.286078
"kb_17","male",c(-68.068935, -67.570716),"2022-01-04 12:29:53 UTC",-67.80131,-67.286024
"kb_17","male",c(-68.068935, -67.570716),"2022-01-04 12:39:43 UTC",-67.800427,-67.285917
"kb_17","male",c(-68.068935, -67.570716),"2022-01-04 12:49:38 UTC",-67.799963,-67.286026
"kb_17","male",c(-68.068935, -67.570716),"2022-01-04 12:59:37 UTC",-67.801383,-67.286324
"kb_17","male",c(-68.068935, -67.570716),"2022-01-04 13:09:36 UTC",-67.800747,-67.286261
"kb_17","male",c(-68.068935, -67.570716),"2022-01-04 13:21:53 UTC",-67.799551,-67.286346
"kb_17","male",c(-68.068935, -67.570716),"2022-01-04 13:31:53 UTC",-67.768136,-67.288651
"kb_17","male",c(-68.068935, -67.570716),"2022-01-04 13:41:52 UTC",-67.769133,-67.288747
"kb_17","male",c(-68.068935, -67.570716),"2022-01-04 13:51:45 UTC",-67.768668,-67.288674
"kb_17","male",c(-68.068935, -67.570716),"2022-01-04 14:01:46 UTC",-67.769211,-67.288638
"kb_17","male",c(-68.068935, -67.570716),"2022-01-04 14:11:54 UTC",-67.769004,-67.288617
"kb_17","male",c(-68.068935, -67.570716),"2022-01-04 14:21:41 UTC",-67.768877,-67.288642
"kb_17","male",c(-68.068935, -67.570716),"2022-01-04 14:31:40 UTC",-67.769389,-67.288725
"kb_17","male",c(-68.068935, -67.570716),"2022-01-04 14:41:36 UTC",-67.768968,-67.288886
"kb_17","male",c(-68.068935, -67.570716),"2022-01-04 14:51:31 UTC",-67.769083,-67.288929
"kb_17","male",c(-68.068935, -67.570716),"2022-01-04 15:01:38 UTC",-67.76877,-67.288836
"kb_17","male",c(-68.068935, -67.570716),"2022-01-04 15:13:19 UTC",-67.795839,-67.285903
"kb_17","male",c(-68.068935, -67.570716),"2022-01-04 15:23:12 UTC",-67.803508,-67.286042
"kb_17","male",c(-68.068935, -67.570716),"2022-01-04 15:33:14 UTC",-67.8043,-67.28593
"kb_17","male",c(-68.068935, -67.570716),"2022-01-04 15:43:28 UTC",-67.8014,-67.286933
"kb_17","male",c(-68.068935, -67.570716),"2022-01-04 15:55:57 UTC",-67.803463,-67.286473
"kb_17","male",c(-68.068935, -67.570716),"2022-01-04 16:06:01 UTC",-67.804693,-67.287619
"kb_17","male",c(-68.068935, -67.570716),"2022-01-04 16:15:57 UTC",-67.841233,-67.3344
"kb_17","male",c(-68.068935, -67.570716),"2022-01-04 16:25:51 UTC",-67.911971,-67.411541
"kb_17","male",c(-68.068935, -67.570716),"2022-01-04 16:35:52 UTC",-67.970654,-67.469236
"kb_17","male",c(-68.068935, -67.570716),"2022-01-04 16:45:52 UTC",-67.970686,-67.469215
"kb_17","male",c(-68.068935, -67.570716),"2022-01-04 16:55:44 UTC",-68.032886,-67.513791
"kb_17","male",c(-68.068935, -67.570716),"2022-01-04 17:05:43 UTC",-68.044044,-67.526793
"kb_43","female",c(-68.068935, -67.570716),"2022-12-30 17:56:34 UTC",0,0
"kb_43","female",c(-68.068935, -67.570716),"2022-12-30 18:12:29 UTC",0,0
"kb_43","female",c(-68.068935, -67.570716),"2022-12-31 02:35:26 UTC",-67.98416,-67.566821
"kb_43","female",c(-68.068935, -67.570716),"2022-12-31 02:37:26 UTC",-67.939557,-67.566246
"kb_43","female",c(-68.068935, -67.570716),"2022-12-31 02:39:25 UTC",-67.894952,-67.564496
"kb_43","female",c(-68.068935, -67.570716),"2022-12-31 02:41:24 UTC",-67.854894,-67.559112
"kb_43","female",c(-68.068935, -67.570716),"2022-12-31 02:43:23 UTC",-67.817455,-67.552213
"kb_43","female",c(-68.068935, -67.570716),"2022-12-31 02:46:36 UTC",-67.800878,-67.546329
"kb_43","female",c(-68.068935, -67.570716),"2022-12-31 02:48:35 UTC",-67.800927,-67.546333
"kb_43","female",c(-68.068935, -67.570716),"2022-12-31 02:50:34 UTC",-67.80072,-67.54627
"kb_43","female",c(-68.068935, -67.570716),"2022-12-31 02:52:33 UTC",-67.800599,-67.546305
"kb_43","female",c(-68.068935, -67.570716),"2022-12-31 02:54:32 UTC",-67.800165,-67.547503
"kb_43","female",c(-68.068935, -67.570716),"2022-12-31 02:56:32 UTC",-67.799989,-67.547279
"kb_43","female",c(-68.068935, -67.570716),"2022-12-31 02:58:31 UTC",-67.799892,-67.547276
"kb_43","female",c(-68.068935, -67.570716),"2022-12-31 03:00:30 UTC",-67.799496,-67.547041
"kb_43","female",c(-68.068935, -67.570716),"2022-12-31 03:02:34 UTC",-67.799367,-67.546925
"kb_43","female",c(-68.068935, -67.570716),"2022-12-31 03:04:33 UTC",-67.799334,-67.547395
"kb_43","female",c(-68.068935, -67.570716),"2022-12-31 03:06:32 UTC",-67.799251,-67.547323
"kb_43","female",c(-68.068935, -67.570716),"2022-12-31 03:08:31 UTC",-67.799343,-67.547386
"kb_43","female",c(-68.068935, -67.570716),"2022-12-31 03:10:30 UTC",-67.799351,-67.54738
"kb_43","female",c(-68.068935, -67.570716),"2022-12-31 03:12:29 UTC",-67.799309,-67.547336
"kb_43","female",c(-68.068935, -67.570716),"2022-12-31 03:14:29 UTC",-67.799284,-67.54739
"kb_43","female",c(-68.068935, -67.570716),"2022-12-31 03:16:30 UTC",-67.799399,-67.54738
"kb_43","female",c(-68.068935, -67.570716),"2022-12-31 03:18:29 UTC",-67.799346,-67.547368
"kb_43","female",c(-68.068935, -67.570716),"2022-12-31 03:20:28 UTC",-67.799413,-67.54736
"kb_43","female",c(-68.068935, -67.570716),"2022-12-31 03:22:27 UTC",-67.799274,-67.547422
"kb_43","female",c(-68.068935, -67.570716),"2022-12-31 03:24:26 UTC",-67.799291,-67.547371
"kb_43","female",c(-68.068935, -67.570716),"2022-12-31 03:26:26 UTC",-67.798973,-67.547206
"kb_43","female",c(-68.068935, -67.570716),"2022-12-31 03:28:26 UTC",-67.799632,-67.546996
"kb_43","female",c(-68.068935, -67.570716),"2022-12-31 03:31:29 UTC",-67.799966,-67.546805
"kb_43","female",c(-68.068935, -67.570716),"2022-12-31 03:33:29 UTC",-67.799462,-67.54742
"kb_43","female",c(-68.068935, -67.570716),"2022-12-31 03:35:28 UTC",-67.79949,-67.54747
"kb_43","female",c(-68.068935, -67.570716),"2022-12-31 03:37:27 UTC",-67.799396,-67.547374
"kb_43","female",c(-68.068935, -67.570716),"2022-12-31 03:39:26 UTC",-67.799528,-67.547604
"kb_43","female",c(-68.068935, -67.570716),"2022-12-31 03:41:25 UTC",-67.799449,-67.54739
"kb_43","female",c(-68.068935, -67.570716),"2022-12-31 03:43:24 UTC",-67.799455,-67.547514
"kb_43","female",c(-68.068935, -67.570716),"2022-12-31 03:45:22 UTC",-67.799541,-67.54748
"kb_43","female",c(-68.068935, -67.570716),"2022-12-31 03:47:23 UTC",-67.799594,-67.547485
"kb_43","female",c(-68.068935, -67.570716),"2022-12-31 03:49:22 UTC",-67.799548,-67.547439
"kb_43","female",c(-68.068935, -67.570716),"2022-12-31 03:51:21 UTC",-67.799627,-67.547472
"kb_43","female",c(-68.068935, -67.570716),"2022-12-31 03:53:21 UTC",-67.799561,-67.547429
"kb_43","female",c(-68.068935, -67.570716),"2022-12-31 03:55:20 UTC",-67.799528,-67.547429
"kb_43","female",c(-68.068935, -67.570716),"2022-12-31 03:57:19 UTC",-67.799568,-67.547414
"kb_43","female",c(-68.068935, -67.570716),"2022-12-31 03:59:18 UTC",-67.799406,-67.547407
"kb_43","female",c(-68.068935, -67.570716),"2022-12-31 04:01:17 UTC",-67.79936,-67.54741
"kb_43","female",c(-68.068935, -67.570716),"2022-12-31 04:03:16 UTC",-67.799622,-67.547436
"kb_43","female",c(-68.068935, -67.570716),"2022-12-31 04:05:15 UTC",-67.79969,-67.547428
"kb_43","female",c(-68.068935, -67.570716),"2022-12-31 04:07:15 UTC",-67.79936,-67.547427
"kb_43","female",c(-68.068935, -67.570716),"2022-12-31 04:09:13 UTC",-67.79953,-67.547394
"kb_43","female",c(-68.068935, -67.570716),"2022-12-31 04:11:12 UTC",-67.799493,-67.547357
"kb_43","female",c(-68.068935, -67.570716),"2022-12-31 04:13:13 UTC",-67.799675,-67.547452
"kb_43","female",c(-68.068935, -67.570716),"2022-12-31 04:16:03 UTC",-67.800182,-67.5468
"kb_43","female",c(-68.068935, -67.570716),"2022-12-31 04:18:03 UTC",-67.799915,-67.546999
"kb_43","female",c(-68.068935, -67.570716),"2022-12-31 04:20:02 UTC",-67.80041,-67.547051
"kb_43","female",c(-68.068935, -67.570716),"2022-12-31 04:22:02 UTC",-67.800046,-67.547088
"kb_43","female",c(-68.068935, -67.570716),"2022-12-31 04:24:57 UTC",-67.800334,-67.547093
"kb_43","female",c(-68.068935, -67.570716),"2022-12-31 04:26:58 UTC",-67.799259,-67.547341
"kb_43","female",c(-68.068935, -67.570716),"2022-12-31 04:28:56 UTC",-67.799442,-67.547484
"kb_43","female",c(-68.068935, -67.570716),"2022-12-31 04:30:55 UTC",-67.79964,-67.547405
"kb_43","female",c(-68.068935, -67.570716),"2022-12-31 04:32:55 UTC",-67.79952,-67.547519
"kb_43","female",c(-68.068935, -67.570716),"2022-12-31 04:34:54 UTC",-67.799511,-67.547443
"kb_43","female",c(-68.068935, -67.570716),"2022-12-31 04:36:54 UTC",-67.799619,-67.547468
"kb_43","female",c(-68.068935, -67.570716),"2022-12-31 04:38:52 UTC",-67.799486,-67.547455
"kb_43","female",c(-68.068935, -67.570716),"2022-12-31 04:40:54 UTC",-67.799405,-67.547419
"kb_43","female",c(-68.068935, -67.570716),"2022-12-31 04:42:51 UTC",-67.799483,-67.547388
"kb_43","female",c(-68.068935, -67.570716),"2022-12-31 04:44:49 UTC",-67.799634,-67.547438
"kb_43","female",c(-68.068935, -67.570716),"2022-12-31 04:46:49 UTC",-67.79972,-67.547432
"kb_43","female",c(-68.068935, -67.570716),"2022-12-31 04:48:49 UTC",-67.799717,-67.547508
"kb_43","female",c(-68.068935, -67.570716),"2022-12-31 04:50:47 UTC",-67.799616,-67.547491
"kb_43","female",c(-68.068935, -67.570716),"2022-12-31 04:52:46 UTC",-67.799656,-67.547463
"kb_43","female",c(-68.068935, -67.570716),"2022-12-31 04:54:46 UTC",-67.799135,-67.547349
"kb_43","female",c(-68.068935, -67.570716),"2022-12-31 04:56:45 UTC",-67.79932,-67.547515
"kb_43","female",c(-68.068935, -67.570716),"2022-12-31 04:58:44 UTC",-67.799527,-67.547409
"kb_43","female",c(-68.068935, -67.570716),"2022-12-31 05:00:43 UTC",-67.799526,-67.547422
"kb_43","female",c(-68.068935, -67.570716),"2022-12-31 05:02:43 UTC",-67.799636,-67.547415
"kb_43","female",c(-68.068935, -67.570716),"2022-12-31 05:04:41 UTC",-67.799741,-67.547449
"kb_43","female",c(-68.068935, -67.570716),"2022-12-31 05:06:40 UTC",-67.799611,-67.547453
"kb_43","female",c(-68.068935, -67.570716),"2022-12-31 05:08:40 UTC",-67.799323,-67.547405
"kb_43","female",c(-68.068935, -67.570716),"2022-12-31 05:10:39 UTC",-67.799574,-67.54738
"kb_43","female",c(-68.068935, -67.570716),"2022-12-31 05:12:38 UTC",-67.799252,-67.547306
"kb_43","female",c(-68.068935, -67.570716),"2022-12-31 05:14:38 UTC",-67.800143,-67.547376
"kb_43","female",c(-68.068935, -67.570716),"2022-12-31 05:17:01 UTC",-67.800606,-67.546836
"kb_43","female",c(-68.068935, -67.570716),"2022-12-31 05:18:59 UTC",-67.800833,-67.547153
"kb_43","female",c(-68.068935, -67.570716),"2022-12-31 05:20:58 UTC",-67.797888,-67.546435
"kb_43","female",c(-68.068935, -67.570716),"2022-12-31 05:22:57 UTC",-67.799445,-67.547444
"kb_43","female",c(-68.068935, -67.570716),"2022-12-31 05:24:56 UTC",-67.799422,-67.547338
"kb_43","female",c(-68.068935, -67.570716),"2022-12-31 05:26:55 UTC",-67.799354,-67.547388
"kb_43","female",c(-68.068935, -67.570716),"2022-12-31 05:28:54 UTC",-67.799515,-67.547379
"kb_43","female",c(-68.068935, -67.570716),"2022-12-31 05:30:53 UTC",-67.799524,-67.547373
"kb_43","female",c(-68.068935, -67.570716),"2022-12-31 05:32:52 UTC",-67.799358,-67.547362
"kb_43","female",c(-68.068935, -67.570716),"2022-12-31 05:34:51 UTC",-67.799259,-67.547415
"kb_43","female",c(-68.068935, -67.570716),"2022-12-31 05:38:31 UTC",-67.799369,-67.546387
"kb_43","female",c(-68.068935, -67.570716),"2022-12-31 05:40:24 UTC",-67.799205,-67.546538
"kb_43","female",c(-68.068935, -67.570716),"2022-12-31 05:42:22 UTC",-67.79938,-67.546466
"kb_43","female",c(-68.068935, -67.570716),"2022-12-31 05:44:21 UTC",-67.803529,-67.544821
"kb_43","female",c(-68.068935, -67.570716),"2022-12-31 05:46:20 UTC",-67.803176,-67.544661
"kb_43","female",c(-68.068935, -67.570716),"2022-12-31 05:48:20 UTC",-67.803078,-67.544921
"kb_43","female",c(-68.068935, -67.570716),"2022-12-31 05:50:20 UTC",-67.803204,-67.54484
"kb_43","female",c(-68.068935, -67.570716),"2022-12-31 05:52:20 UTC",-67.803041,-67.544901
"kb_43","female",c(-68.068935, -67.570716),"2022-12-31 05:54:18 UTC",-67.803065,-67.544899
"kb_43","female",c(-68.068935, -67.570716),"2022-12-31 05:56:17 UTC",-67.803124,-67.544794
"kb_43","female",c(-68.068935, -67.570716),"2022-12-31 05:58:17 UTC",-67.803064,-67.544765
"kb_43","female",c(-68.068935, -67.570716),"2022-12-31 06:00:16 UTC",-67.80314,-67.544729
"kb_43","female",c(-68.068935, -67.570716),"2022-12-31 06:02:15 UTC",-67.836382,-67.550996
"kb_43","female",c(-68.068935, -67.570716),"2022-12-31 06:04:19 UTC",-67.859172,-67.553811
"kb_43","female",c(-68.068935, -67.570716),"2022-12-31 06:06:57 UTC",-67.858385,-67.553635
"kb_43","female",c(-68.068935, -67.570716),"2022-12-31 06:09:34 UTC",-67.860114,-67.553991
"kb_43","female",c(-68.068935, -67.570716),"2022-12-31 06:11:49 UTC",0,0
"kb_43","female",c(-68.068935, -67.570716),"2022-12-31 06:13:56 UTC",-67.861663,-67.553254
"kb_43","female",c(-68.068935, -67.570716),"2022-12-31 06:15:56 UTC",-67.862145,-67.553002
"kb_43","female",c(-68.068935, -67.570716),"2022-12-31 06:18:19 UTC",0,0
"kb_43","female",c(-68.068935, -67.570716),"2022-12-31 06:20:38 UTC",-67.861348,-67.551713
"kb_43","female",c(-68.068935, -67.570716),"2022-12-31 06:22:41 UTC",-67.860413,-67.552135
"kb_43","female",c(-68.068935, -67.570716),"2022-12-31 06:24:40 UTC",-67.860718,-67.552314
"kb_43","female",c(-68.068935, -67.570716),"2022-12-31 06:26:39 UTC",-67.861156,-67.552639
"kb_43","female",c(-68.068935, -67.570716),"2022-12-31 06:28:38 UTC",-67.861911,-67.552997
"kb_43","female",c(-68.068935, -67.570716),"2022-12-31 06:30:37 UTC",-67.862475,-67.553395
"kb_43","female",c(-68.068935, -67.570716),"2022-12-31 06:32:36 UTC",-67.871671,-67.553163
"kb_43","female",c(-68.068935, -67.570716),"2022-12-31 06:34:35 UTC",-67.924831,-67.559703
"kb_43","female",c(-68.068935, -67.570716),"2022-12-31 06:36:34 UTC",-67.981147,-67.564047
"kb_43","female",c(-68.068935, -67.570716),"2022-12-31 09:47:11 UTC",-67.978763,-67.56003
"kb_43","female",c(-68.068935, -67.570716),"2022-12-31 09:49:10 UTC",-67.931952,-67.559405
"kb_43","female",c(-68.068935, -67.570716),"2022-12-31 09:51:43 UTC",-67.872105,-67.556713
"kb_43","female",c(-68.068935, -67.570716),"2022-12-31 09:53:41 UTC",-67.828485,-67.551951
"kb_43","female",c(-68.068935, -67.570716),"2022-12-31 09:55:40 UTC",-67.80096,-67.546785
"kb_43","female",c(-68.068935, -67.570716),"2022-12-31 09:57:39 UTC",-67.800847,-67.546784
"kb_43","female",c(-68.068935, -67.570716),"2022-12-31 09:59:38 UTC",-67.800778,-67.546853
"kb_43","female",c(-68.068935, -67.570716),"2022-12-31 10:01:37 UTC",-67.797893,-67.547623
"kb_43","female",c(-68.068935, -67.570716),"2022-12-31 10:04:52 UTC",-67.799725,-67.547144
"kb_43","female",c(-68.068935, -67.570716),"2022-12-31 10:07:01 UTC",-67.800149,-67.547024
"kb_43","female",c(-68.068935, -67.570716),"2022-12-31 10:08:59 UTC",-67.800844,-67.546324
"kb_43","female",c(-68.068935, -67.570716),"2022-12-31 10:11:01 UTC",-67.800842,-67.546276
"kb_43","female",c(-68.068935, -67.570716),"2022-12-31 10:12:57 UTC",-67.800917,-67.546304
"kb_43","female",c(-68.068935, -67.570716),"2022-12-31 10:14:57 UTC",-67.800836,-67.546335
"kb_43","female",c(-68.068935, -67.570716),"2022-12-31 10:16:56 UTC",-67.800706,-67.546202
"kb_43","female",c(-68.068935, -67.570716),"2022-12-31 10:18:54 UTC",-67.800796,-67.546338
"kb_43","female",c(-68.068935, -67.570716),"2022-12-31 10:20:53 UTC",-67.800788,-67.546299
"kb_43","female",c(-68.068935, -67.570716),"2022-12-31 10:22:53 UTC",-67.800806,-67.5463
"kb_43","female",c(-68.068935, -67.570716),"2022-12-31 10:24:52 UTC",-67.800885,-67.546512
"kb_43","female",c(-68.068935, -67.570716),"2022-12-31 10:26:52 UTC",-67.800743,-67.546334
"kb_43","female",c(-68.068935, -67.570716),"2022-12-31 10:28:50 UTC",-67.800863,-67.546355
"kb_43","female",c(-68.068935, -67.570716),"2022-12-31 10:31:59 UTC",-67.799211,-67.54722
"kb_43","female",c(-68.068935, -67.570716),"2022-12-31 10:34:56 UTC",-67.798821,-67.54756
"kb_43","female",c(-68.068935, -67.570716),"2022-12-31 10:36:55 UTC",-67.799919,-67.547171
"kb_43","female",c(-68.068935, -67.570716),"2022-12-31 10:39:25 UTC",-67.800815,-67.54734
"kb_43","female",c(-68.068935, -67.570716),"2022-12-31 10:41:26 UTC",-67.800591,-67.547303
"kb_43","female",c(-68.068935, -67.570716),"2022-12-31 10:43:28 UTC",-67.799762,-67.544565
"kb_43","female",c(-68.068935, -67.570716),"2022-12-31 10:45:25 UTC",-67.800939,-67.546825
"kb_43","female",c(-68.068935, -67.570716),"2022-12-31 10:47:24 UTC",-67.801031,-67.546727
"kb_43","female",c(-68.068935, -67.570716),"2022-12-31 10:49:22 UTC",-67.800984,-67.546865
"kb_43","female",c(-68.068935, -67.570716),"2022-12-31 10:51:22 UTC",-67.800985,-67.546869
"kb_43","female",c(-68.068935, -67.570716),"2022-12-31 10:53:20 UTC",-67.800961,-67.54673
"kb_43","female",c(-68.068935, -67.570716),"2022-12-31 10:55:21 UTC",-67.800951,-67.546747
"kb_43","female",c(-68.068935, -67.570716),"2022-12-31 10:57:20 UTC",-67.800695,-67.546792
"kb_43","female",c(-68.068935, -67.570716),"2022-12-31 10:59:19 UTC",-67.801111,-67.546844
"kb_43","female",c(-68.068935, -67.570716),"2022-12-31 11:01:18 UTC",-67.801024,-67.546711
"kb_43","female",c(-68.068935, -67.570716),"2022-12-31 11:03:17 UTC",-67.801024,-67.546726
"kb_43","female",c(-68.068935, -67.570716),"2022-12-31 11:05:16 UTC",-67.801065,-67.546822
"kb_43","female",c(-68.068935, -67.570716),"2022-12-31 11:07:15 UTC",-67.80094,-67.546821
"kb_43","female",c(-68.068935, -67.570716),"2022-12-31 11:09:15 UTC",-67.800818,-67.546747
"kb_43","female",c(-68.068935, -67.570716),"2022-12-31 11:11:13 UTC",-67.800941,-67.546811
"kb_43","female",c(-68.068935, -67.570716),"2022-12-31 11:13:12 UTC",-67.800978,-67.54672
"kb_43","female",c(-68.068935, -67.570716),"2022-12-31 11:15:12 UTC",-67.797694,-67.54726
"kb_43","female",c(-68.068935, -67.570716),"2022-12-31 11:17:11 UTC",-67.799019,-67.547227
"kb_43","female",c(-68.068935, -67.570716),"2022-12-31 11:20:20 UTC",-67.800333,-67.547305
"kb_43","female",c(-68.068935, -67.570716),"2022-12-31 11:22:16 UTC",-67.800272,-67.547224
"kb_43","female",c(-68.068935, -67.570716),"2022-12-31 11:24:14 UTC",-67.800498,-67.547052
"kb_43","female",c(-68.068935, -67.570716),"2022-12-31 11:26:14 UTC",-67.799175,-67.546627
"kb_43","female",c(-68.068935, -67.570716),"2022-12-31 11:28:13 UTC",-67.796674,-67.54706
"kb_43","female",c(-68.068935, -67.570716),"2022-12-31 11:30:27 UTC",-67.797021,-67.547363
"kb_43","female",c(-68.068935, -67.570716),"2022-12-31 11:32:26 UTC",-67.797146,-67.547352
"kb_43","female",c(-68.068935, -67.570716),"2022-12-31 11:34:25 UTC",-67.797402,-67.547377
"kb_43","female",c(-68.068935, -67.570716),"2022-12-31 11:36:25 UTC",-67.797784,-67.547803
"kb_43","female",c(-68.068935, -67.570716),"2022-12-31 11:38:24 UTC",-67.794316,-67.550232
"kb_43","female",c(-68.068935, -67.570716),"2022-12-31 11:40:23 UTC",-67.794547,-67.550257
"kb_43","female",c(-68.068935, -67.570716),"2022-12-31 11:42:22 UTC",-67.794443,-67.550224
"kb_43","female",c(-68.068935, -67.570716),"2022-12-31 11:44:21 UTC",-67.794442,-67.550229
"kb_43","female",c(-68.068935, -67.570716),"2022-12-31 11:46:20 UTC",-67.794372,-67.550215
"kb_43","female",c(-68.068935, -67.570716),"2022-12-31 11:48:19 UTC",-67.794315,-67.550215
"kb_43","female",c(-68.068935, -67.570716),"2022-12-31 11:50:18 UTC",-67.79424,-67.55022
"kb_43","female",c(-68.068935, -67.570716),"2022-12-31 11:52:17 UTC",-67.799475,-67.549234
"kb_43","female",c(-68.068935, -67.570716),"2022-12-31 11:55:19 UTC",-67.845935,-67.571813
"kb_43","female",c(-68.068935, -67.570716),"2022-12-31 11:57:19 UTC",-67.904371,-67.571638
"kb_43","female",c(-68.068935, -67.570716),"2022-12-31 11:59:18 UTC",-67.960485,-67.567753
"kb_45","female",c(-68.068935, -67.570716),"2022-12-30 17:55:14 UTC",0,0
"kb_45","female",c(-68.068935, -67.570716),"2022-12-30 18:20:49 UTC",0,0
"kb_42","female",c(-68.068935, -67.570716),"2022-12-30 18:52:55 UTC",0,0
"kb_42","female",c(-68.068935, -67.570716),"2022-12-31 08:27:54 UTC",0,0
"kb_38","male",c(-68.068935, -67.570716),"2022-12-30 20:33:27 UTC",0,0
"kb_38","male",c(-68.068935, -67.570716),"2022-12-30 20:35:26 UTC",0,0
"kb_38","male",c(-68.068935, -67.570716),"2022-12-30 20:41:22 UTC",0,0
"kb_38","male",c(-68.068935, -67.570716),"2022-12-30 20:43:21 UTC",0,0
"kb_38","male",c(-68.068935, -67.570716),"2022-12-30 20:45:19 UTC",0,0
"kb_38","male",c(-68.068935, -67.570716),"2022-12-30 20:47:18 UTC",0,0
"kb_38","male",c(-68.068935, -67.570716),"2022-12-30 20:49:17 UTC",0,0
"kb_38","male",c(-68.068935, -67.570716),"2022-12-30 20:51:16 UTC",0,0
"kb_38","male",c(-68.068935, -67.570716),"2022-12-30 20:56:02 UTC",0,0
"kb_38","male",c(-68.068935, -67.570716),"2022-12-30 20:58:00 UTC",0,0
"kb_38","male",c(-68.068935, -67.570716),"2022-12-30 21:00:00 UTC",0,0
"kb_38","male",c(-68.068935, -67.570716),"2022-12-30 21:01:58 UTC",0,0
"kb_38","male",c(-68.068935, -67.570716),"2022-12-30 21:03:57 UTC",0,0
"kb_38","male",c(-68.068935, -67.570716),"2022-12-30 21:05:57 UTC",0,0
"kb_38","male",c(-68.068935, -67.570716),"2022-12-30 21:11:38 UTC",0,0
"kb_38","male",c(-68.068935, -67.570716),"2022-12-30 21:13:38 UTC",0,0
"kb_38","male",c(-68.068935, -67.570716),"2022-12-30 21:15:36 UTC",0,0
"kb_38","male",c(-68.068935, -67.570716),"2022-12-30 21:17:35 UTC",0,0
"kb_38","male",c(-68.068935, -67.570716),"2022-12-30 21:19:34 UTC",0,0
"kb_38","male",c(-68.068935, -67.570716),"2022-12-30 21:21:33 UTC",0,0
"kb_38","male",c(-68.068935, -67.570716),"2022-12-30 21:23:32 UTC",0,0
"kb_38","male",c(-68.068935, -67.570716),"2022-12-30 21:25:31 UTC",0,0
"kb_38","male",c(-68.068935, -67.570716),"2022-12-30 21:27:32 UTC",0,0
"kb_38","male",c(-68.068935, -67.570716),"2022-12-30 21:29:30 UTC",0,0
"kb_38","male",c(-68.068935, -67.570716),"2022-12-30 21:31:29 UTC",0,0
"kb_38","male",c(-68.068935, -67.570716),"2022-12-30 21:33:28 UTC",0,0
"kb_38","male",c(-68.068935, -67.570716),"2022-12-30 21:35:27 UTC",0,0
"kb_38","male",c(-68.068935, -67.570716),"2022-12-30 21:37:26 UTC",0,0
"kb_38","male",c(-68.068935, -67.570716),"2022-12-30 21:39:26 UTC",0,0
"kb_38","male",c(-68.068935, -67.570716),"2022-12-30 21:41:24 UTC",0,0
"kb_38","male",c(-68.068935, -67.570716),"2022-12-30 21:43:22 UTC",0,0
"kb_38","male",c(-68.068935, -67.570716),"2022-12-30 21:45:16 UTC",0,0
"kb_38","male",c(-68.068935, -67.570716),"2022-12-30 21:47:15 UTC",0,0
"kb_38","male",c(-68.068935, -67.570716),"2022-12-30 21:49:14 UTC",0,0
"kb_38","male",c(-68.068935, -67.570716),"2022-12-30 21:51:13 UTC",0,0
"kb_38","male",c(-68.068935, -67.570716),"2022-12-30 21:53:12 UTC",0,0
"kb_38","male",c(-68.068935, -67.570716),"2022-12-30 21:55:12 UTC",0,0
"kb_38","male",c(-68.068935, -67.570716),"2022-12-30 21:57:11 UTC",0,0
"kb_38","male",c(-68.068935, -67.570716),"2022-12-30 21:59:12 UTC",0,0
"kb_38","male",c(-68.068935, -67.570716),"2022-12-30 22:01:10 UTC",0,0
"kb_38","male",c(-68.068935, -67.570716),"2022-12-30 22:03:09 UTC",0,0
"kb_38","male",c(-68.068935, -67.570716),"2022-12-30 22:05:09 UTC",0,0
"kb_38","male",c(-68.068935, -67.570716),"2022-12-30 22:07:07 UTC",0,0
"kb_38","male",c(-68.068935, -67.570716),"2022-12-30 22:09:08 UTC",0,0
"kb_38","male",c(-68.068935, -67.570716),"2022-12-30 22:11:07 UTC",0,0
"kb_38","male",c(-68.068935, -67.570716),"2022-12-30 22:13:08 UTC",0,0
"kb_38","male",c(-68.068935, -67.570716),"2022-12-30 22:14:52 UTC",0,0
"kb_38","male",c(-68.068935, -67.570716),"2022-12-30 22:16:51 UTC",0,0
"kb_38","male",c(-68.068935, -67.570716),"2022-12-30 22:18:48 UTC",0,0
"kb_38","male",c(-68.068935, -67.570716),"2022-12-30 22:20:50 UTC",0,0
"kb_38","male",c(-68.068935, -67.570716),"2022-12-30 22:22:48 UTC",0,0
"kb_38","male",c(-68.068935, -67.570716),"2022-12-30 22:24:46 UTC",0,0
"kb_38","male",c(-68.068935, -67.570716),"2022-12-30 22:26:45 UTC",0,0
"kb_38","male",c(-68.068935, -67.570716),"2022-12-30 22:28:44 UTC",0,0
"kb_38","male",c(-68.068935, -67.570716),"2022-12-30 22:30:43 UTC",0,0
"kb_38","male",c(-68.068935, -67.570716),"2022-12-30 22:32:42 UTC",0,0
"kb_38","male",c(-68.068935, -67.570716),"2022-12-30 22:34:40 UTC",0,0
"kb_38","male",c(-68.068935, -67.570716),"2022-12-30 22:36:39 UTC",0,0
"kb_38","male",c(-68.068935, -67.570716),"2022-12-30 22:38:38 UTC",0,0
"kb_38","male",c(-68.068935, -67.570716),"2022-12-30 22:40:39 UTC",0,0
"kb_38","male",c(-68.068935, -67.570716),"2022-12-30 22:42:38 UTC",0,0
"kb_38","male",c(-68.068935, -67.570716),"2022-12-30 22:44:23 UTC",0,0
"kb_38","male",c(-68.068935, -67.570716),"2022-12-30 22:46:25 UTC",0,0
"kb_38","male",c(-68.068935, -67.570716),"2022-12-30 22:48:22 UTC",0,0
"kb_38","male",c(-68.068935, -67.570716),"2022-12-30 22:50:23 UTC",0,0
"kb_38","male",c(-68.068935, -67.570716),"2022-12-30 22:52:20 UTC",0,0
"kb_38","male",c(-68.068935, -67.570716),"2022-12-30 22:54:23 UTC",0,0
"kb_38","male",c(-68.068935, -67.570716),"2022-12-30 22:56:20 UTC",0,0
"kb_38","male",c(-68.068935, -67.570716),"2022-12-30 22:58:19 UTC",0,0
"kb_38","male",c(-68.068935, -67.570716),"2022-12-30 23:00:18 UTC",0,0
"kb_38","male",c(-68.068935, -67.570716),"2022-12-30 23:02:15 UTC",0,0
"kb_38","male",c(-68.068935, -67.570716),"2022-12-30 23:04:22 UTC",0,0
"kb_38","male",c(-68.068935, -67.570716),"2022-12-30 23:06:18 UTC",0,0
"kb_38","male",c(-68.068935, -67.570716),"2022-12-30 23:08:12 UTC",0,0
"kb_38","male",c(-68.068935, -67.570716),"2022-12-30 23:10:14 UTC",0,0
"kb_38","male",c(-68.068935, -67.570716),"2022-12-30 23:12:13 UTC",0,0
"kb_38","male",c(-68.068935, -67.570716),"2022-12-30 23:14:00 UTC",0,0
"kb_38","male",c(-68.068935, -67.570716),"2022-12-30 23:15:59 UTC",0,0
"kb_38","male",c(-68.068935, -67.570716),"2022-12-30 23:18:06 UTC",0,0
"kb_38","male",c(-68.068935, -67.570716),"2022-12-30 23:20:03 UTC",0,0
"kb_38","male",c(-68.068935, -67.570716),"2022-12-30 23:21:57 UTC",0,0
"kb_38","male",c(-68.068935, -67.570716),"2022-12-30 23:24:04 UTC",0,0
"kb_38","male",c(-68.068935, -67.570716),"2022-12-30 23:25:56 UTC",0,0
"kb_38","male",c(-68.068935, -67.570716),"2022-12-30 23:27:55 UTC",0,0
"kb_38","male",c(-68.068935, -67.570716),"2022-12-30 23:29:56 UTC",0,0
"kb_38","male",c(-68.068935, -67.570716),"2022-12-30 23:31:57 UTC",0,0
"kb_38","male",c(-68.068935, -67.570716),"2022-12-30 23:33:51 UTC",0,0
"kb_38","male",c(-68.068935, -67.570716),"2022-12-30 23:35:52 UTC",0,0
"kb_38","male",c(-68.068935, -67.570716),"2022-12-30 23:37:55 UTC",0,0
"kb_38","male",c(-68.068935, -67.570716),"2022-12-30 23:39:48 UTC",0,0
"kb_38","male",c(-68.068935, -67.570716),"2022-12-30 23:41:50 UTC",0,0
"kb_38","male",c(-68.068935, -67.570716),"2022-12-30 23:43:39 UTC",0,0
"kb_38","male",c(-68.068935, -67.570716),"2022-12-30 23:45:38 UTC",0,0
"kb_38","male",c(-68.068935, -67.570716),"2022-12-30 23:47:36 UTC",0,0
"kb_38","male",c(-68.068935, -67.570716),"2022-12-30 23:49:36 UTC",0,0
"kb_38","male",c(-68.068935, -67.570716),"2022-12-30 23:51:35 UTC",0,0
"kb_38","male",c(-68.068935, -67.570716),"2022-12-30 23:53:33 UTC",0,0
"kb_38","male",c(-68.068935, -67.570716),"2022-12-30 23:55:32 UTC",0,0
"kb_38","male",c(-68.068935, -67.570716),"2022-12-30 23:57:31 UTC",0,0
"kb_38","male",c(-68.068935, -67.570716),"2022-12-30 23:59:31 UTC",0,0
"kb_38","male",c(-68.068935, -67.570716),"2022-12-31 00:01:29 UTC",0,0
"kb_38","male",c(-68.068935, -67.570716),"2022-12-31 00:03:29 UTC",0,0
"kb_38","male",c(-68.068935, -67.570716),"2022-12-31 00:05:29 UTC",0,0
"kb_38","male",c(-68.068935, -67.570716),"2022-12-31 00:07:27 UTC",0,0
"kb_38","male",c(-68.068935, -67.570716),"2022-12-31 00:09:27 UTC",0,0
"kb_38","male",c(-68.068935, -67.570716),"2022-12-31 00:11:25 UTC",0,0
"kb_38","male",c(-68.068935, -67.570716),"2022-12-31 00:13:14 UTC",0,0
"kb_38","male",c(-68.068935, -67.570716),"2022-12-31 00:15:13 UTC",0,0
"kb_38","male",c(-68.068935, -67.570716),"2022-12-31 00:17:12 UTC",0,0
"kb_38","male",c(-68.068935, -67.570716),"2022-12-31 00:19:13 UTC",0,0
"kb_38","male",c(-68.068935, -67.570716),"2022-12-31 00:21:12 UTC",0,0
"kb_38","male",c(-68.068935, -67.570716),"2022-12-31 00:23:09 UTC",0,0
"kb_38","male",c(-68.068935, -67.570716),"2022-12-31 00:25:07 UTC",0,0
"kb_38","male",c(-68.068935, -67.570716),"2022-12-31 00:27:06 UTC",0,0
"kb_38","male",c(-68.068935, -67.570716),"2022-12-31 00:29:05 UTC",0,0
"kb_38","male",c(-68.068935, -67.570716),"2022-12-31 00:31:04 UTC",0,0
"kb_38","male",c(-68.068935, -67.570716),"2022-12-31 00:33:03 UTC",0,0
"kb_38","male",c(-68.068935, -67.570716),"2022-12-31 00:35:03 UTC",0,0
"kb_38","male",c(-68.068935, -67.570716),"2022-12-31 00:37:02 UTC",0,0
"kb_38","male",c(-68.068935, -67.570716),"2022-12-31 00:39:02 UTC",0,0
"kb_38","male",c(-68.068935, -67.570716),"2022-12-31 00:41:00 UTC",0,0
"kb_38","male",c(-68.068935, -67.570716),"2022-12-31 00:42:54 UTC",0,0
"kb_38","male",c(-68.068935, -67.570716),"2022-12-31 00:44:48 UTC",0,0
"kb_38","male",c(-68.068935, -67.570716),"2022-12-31 00:46:48 UTC",0,0
"kb_38","male",c(-68.068935, -67.570716),"2022-12-31 00:48:49 UTC",0,0
"kb_38","male",c(-68.068935, -67.570716),"2022-12-31 00:50:46 UTC",0,0
"kb_38","male",c(-68.068935, -67.570716),"2022-12-31 00:52:44 UTC",0,0
"kb_38","male",c(-68.068935, -67.570716),"2022-12-31 00:54:43 UTC",0,0
"kb_38","male",c(-68.068935, -67.570716),"2022-12-31 00:56:45 UTC",0,0
"kb_38","male",c(-68.068935, -67.570716),"2022-12-31 00:58:41 UTC",0,0
"kb_38","male",c(-68.068935, -67.570716),"2022-12-31 01:00:40 UTC",0,0
"kb_38","male",c(-68.068935, -67.570716),"2022-12-31 01:02:39 UTC",0,0
"kb_38","male",c(-68.068935, -67.570716),"2022-12-31 01:04:41 UTC",0,0
"kb_38","male",c(-68.068935, -67.570716),"2022-12-31 01:06:39 UTC",0,0
"kb_38","male",c(-68.068935, -67.570716),"2022-12-31 01:08:37 UTC",0,0
"kb_38","male",c(-68.068935, -67.570716),"2022-12-31 01:10:36 UTC",0,0
"kb_38","male",c(-68.068935, -67.570716),"2022-12-31 01:12:36 UTC",0,0
"kb_38","male",c(-68.068935, -67.570716),"2022-12-31 01:14:35 UTC",0,0
"kb_38","male",c(-68.068935, -67.570716),"2022-12-31 01:16:34 UTC",0,0
"kb_38","male",c(-68.068935, -67.570716),"2022-12-31 01:18:33 UTC",0,0
"kb_38","male",c(-68.068935, -67.570716),"2022-12-31 01:20:32 UTC",0,0
"kb_38","male",c(-68.068935, -67.570716),"2022-12-31 01:22:31 UTC",0,0
"kb_38","male",c(-68.068935, -67.570716),"2022-12-31 01:24:30 UTC",0,0
"kb_38","male",c(-68.068935, -67.570716),"2022-12-31 01:26:30 UTC",0,0
"kb_38","male",c(-68.068935, -67.570716),"2022-12-31 01:28:28 UTC",0,0
"kb_38","male",c(-68.068935, -67.570716),"2022-12-31 01:30:30 UTC",0,0
"kb_38","male",c(-68.068935, -67.570716),"2022-12-31 01:32:27 UTC",0,0
"kb_38","male",c(-68.068935, -67.570716),"2022-12-31 01:34:26 UTC",0,0
"kb_38","male",c(-68.068935, -67.570716),"2022-12-31 01:36:26 UTC",0,0
"kb_38","male",c(-68.068935, -67.570716),"2022-12-31 01:38:24 UTC",0,0
"kb_38","male",c(-68.068935, -67.570716),"2022-12-31 01:40:23 UTC",0,0
"kb_38","male",c(-68.068935, -67.570716),"2022-12-31 01:42:23 UTC",0,0
"kb_38","male",c(-68.068935, -67.570716),"2022-12-31 01:44:23 UTC",0,0
"kb_38","male",c(-68.068935, -67.570716),"2022-12-31 01:46:22 UTC",0,0
"kb_38","male",c(-68.068935, -67.570716),"2022-12-31 01:48:26 UTC",0,0
"kb_38","male",c(-68.068935, -67.570716),"2022-12-31 01:50:26 UTC",0,0
"kb_38","male",c(-68.068935, -67.570716),"2022-12-31 01:52:21 UTC",0,0
"kb_38","male",c(-68.068935, -67.570716),"2022-12-31 01:54:18 UTC",0,0
"kb_38","male",c(-68.068935, -67.570716),"2022-12-31 01:56:16 UTC",0,0
"kb_38","male",c(-68.068935, -67.570716),"2022-12-31 01:58:16 UTC",0,0
"kb_38","male",c(-68.068935, -67.570716),"2022-12-31 02:00:17 UTC",0,0
"kb_38","male",c(-68.068935, -67.570716),"2022-12-31 02:02:14 UTC",0,0
"kb_38","male",c(-68.068935, -67.570716),"2022-12-31 02:04:12 UTC",0,0
"kb_38","male",c(-68.068935, -67.570716),"2022-12-31 02:06:14 UTC",0,0
"kb_38","male",c(-68.068935, -67.570716),"2022-12-31 02:08:12 UTC",0,0
"kb_38","male",c(-68.068935, -67.570716),"2022-12-31 02:10:10 UTC",0,0
"kb_38","male",c(-68.068935, -67.570716),"2022-12-31 02:12:09 UTC",0,0
"kb_38","male",c(-68.068935, -67.570716),"2022-12-31 02:14:09 UTC",0,0
"kb_38","male",c(-68.068935, -67.570716),"2022-12-31 02:16:08 UTC",0,0
"kb_38","male",c(-68.068935, -67.570716),"2022-12-31 02:18:07 UTC",0,0
"kb_38","male",c(-68.068935, -67.570716),"2022-12-31 02:20:05 UTC",0,0
"kb_38","male",c(-68.068935, -67.570716),"2022-12-31 02:22:04 UTC",0,0
"kb_38","male",c(-68.068935, -67.570716),"2022-12-31 02:24:04 UTC",0,0
"kb_38","male",c(-68.068935, -67.570716),"2022-12-31 02:26:05 UTC",0,0
"kb_38","male",c(-68.068935, -67.570716),"2022-12-31 02:28:01 UTC",0,0
"kb_38","male",c(-68.068935, -67.570716),"2022-12-31 02:30:01 UTC",0,0
"kb_38","male",c(-68.068935, -67.570716),"2022-12-31 02:32:00 UTC",0,0
"kb_38","male",c(-68.068935, -67.570716),"2022-12-31 02:33:59 UTC",0,0
"kb_38","male",c(-68.068935, -67.570716),"2022-12-31 02:35:58 UTC",0,0
"kb_38","male",c(-68.068935, -67.570716),"2022-12-31 02:38:00 UTC",0,0
"kb_38","male",c(-68.068935, -67.570716),"2022-12-31 02:39:57 UTC",0,0
"kb_38","male",c(-68.068935, -67.570716),"2022-12-31 02:41:55 UTC",0,0
"kb_38","male",c(-68.068935, -67.570716),"2022-12-31 02:43:55 UTC",0,0
"kb_38","male",c(-68.068935, -67.570716),"2022-12-31 02:45:53 UTC",0,0
"kb_38","male",c(-68.068935, -67.570716),"2022-12-31 02:47:52 UTC",0,0
"kb_38","male",c(-68.068935, -67.570716),"2022-12-31 02:49:52 UTC",0,0
"kb_38","male",c(-68.068935, -67.570716),"2022-12-31 02:51:50 UTC",0,0
"kb_38","male",c(-68.068935, -67.570716),"2022-12-31 02:53:50 UTC",0,0
"kb_38","male",c(-68.068935, -67.570716),"2022-12-31 02:55:48 UTC",0,0
"kb_38","male",c(-68.068935, -67.570716),"2022-12-31 02:57:47 UTC",0,0
"kb_38","male",c(-68.068935, -67.570716),"2022-12-31 02:59:47 UTC",0,0
"kb_38","male",c(-68.068935, -67.570716),"2022-12-31 03:01:45 UTC",0,0
"kb_38","male",c(-68.068935, -67.570716),"2022-12-31 03:03:44 UTC",0,0
"kb_38","male",c(-68.068935, -67.570716),"2022-12-31 03:05:44 UTC",0,0
"kb_38","male",c(-68.068935, -67.570716),"2022-12-31 03:07:43 UTC",0,0
"kb_38","male",c(-68.068935, -67.570716),"2022-12-31 03:09:43 UTC",0,0
"kb_38","male",c(-68.068935, -67.570716),"2022-12-31 03:11:41 UTC",0,0
"kb_38","male",c(-68.068935, -67.570716),"2022-12-31 03:13:40 UTC",0,0
"kb_38","male",c(-68.068935, -67.570716),"2022-12-31 03:15:42 UTC",0,0
"kb_38","male",c(-68.068935, -67.570716),"2022-12-31 03:17:39 UTC",0,0
"kb_38","male",c(-68.068935, -67.570716),"2022-12-31 03:19:38 UTC",0,0
"kb_38","male",c(-68.068935, -67.570716),"2022-12-31 03:21:36 UTC",0,0
"kb_38","male",c(-68.068935, -67.570716),"2022-12-31 03:23:35 UTC",0,0
"kb_38","male",c(-68.068935, -67.570716),"2022-12-31 03:25:35 UTC",0,0
"kb_38","male",c(-68.068935, -67.570716),"2022-12-31 03:27:34 UTC",0,0
"kb_38","male",c(-68.068935, -67.570716),"2022-12-31 03:29:33 UTC",0,0
"kb_38","male",c(-68.068935, -67.570716),"2022-12-31 03:31:32 UTC",0,0
"kb_38","male",c(-68.068935, -67.570716),"2022-12-31 03:33:31 UTC",0,0
"kb_38","male",c(-68.068935, -67.570716),"2022-12-31 03:35:31 UTC",0,0
"kb_38","male",c(-68.068935, -67.570716),"2022-12-31 03:37:30 UTC",0,0
"kb_38","male",c(-68.068935, -67.570716),"2022-12-31 03:39:29 UTC",0,0
"kb_38","male",c(-68.068935, -67.570716),"2022-12-31 03:41:30 UTC",0,0
"kb_38","male",c(-68.068935, -67.570716),"2022-12-31 03:43:27 UTC",0,0
"kb_38","male",c(-68.068935, -67.570716),"2022-12-31 03:45:28 UTC",0,0
"kb_38","male",c(-68.068935, -67.570716),"2022-12-31 03:47:33 UTC",0,0
"kb_38","male",c(-68.068935, -67.570716),"2022-12-31 03:49:24 UTC",0,0
"kb_38","male",c(-68.068935, -67.570716),"2022-12-31 03:51:25 UTC",0,0
"kb_38","male",c(-68.068935, -67.570716),"2022-12-31 03:53:24 UTC",0,0
"kb_38","male",c(-68.068935, -67.570716),"2022-12-31 03:55:21 UTC",0,0
"kb_38","male",c(-68.068935, -67.570716),"2022-12-31 03:57:22 UTC",0,0
"kb_38","male",c(-68.068935, -67.570716),"2022-12-31 03:59:18 UTC",0,0
"kb_38","male",c(-68.068935, -67.570716),"2022-12-31 04:01:17 UTC",0,0
"kb_38","male",c(-68.068935, -67.570716),"2022-12-31 04:03:17 UTC",0,0
"kb_38","male",c(-68.068935, -67.570716),"2022-12-31 04:05:16 UTC",0,0
"kb_38","male",c(-68.068935, -67.570716),"2022-12-31 04:07:18 UTC",0,0
"kb_38","male",c(-68.068935, -67.570716),"2022-12-31 04:09:15 UTC",0,0
"kb_38","male",c(-68.068935, -67.570716),"2022-12-31 04:11:13 UTC",0,0
"kb_38","male",c(-68.068935, -67.570716),"2022-12-31 04:13:13 UTC",0,0
"kb_38","male",c(-68.068935, -67.570716),"2022-12-31 04:15:12 UTC",0,0
"kb_38","male",c(-68.068935, -67.570716),"2022-12-31 04:17:11 UTC",0,0
"kb_38","male",c(-68.068935, -67.570716),"2022-12-31 04:19:10 UTC",0,0
"kb_38","male",c(-68.068935, -67.570716),"2022-12-31 04:21:09 UTC",0,0
"kb_38","male",c(-68.068935, -67.570716),"2022-12-31 04:23:10 UTC",0,0
"kb_38","male",c(-68.068935, -67.570716),"2022-12-31 04:25:15 UTC",0,0
"kb_38","male",c(-68.068935, -67.570716),"2022-12-31 04:27:15 UTC",0,0
"kb_38","male",c(-68.068935, -67.570716),"2022-12-31 04:29:09 UTC",0,0
"kb_38","male",c(-68.068935, -67.570716),"2022-12-31 04:31:15 UTC",0,0
"kb_38","male",c(-68.068935, -67.570716),"2022-12-31 04:33:15 UTC",0,0
"kb_38","male",c(-68.068935, -67.570716),"2022-12-31 04:35:17 UTC",0,0
"kb_38","male",c(-68.068935, -67.570716),"2022-12-31 04:37:06 UTC",0,0
"kb_38","male",c(-68.068935, -67.570716),"2022-12-31 04:39:13 UTC",0,0
"kb_38","male",c(-68.068935, -67.570716),"2022-12-31 04:41:34 UTC",0,0
"kb_38","male",c(-68.068935, -67.570716),"2022-12-31 04:43:33 UTC",0,0
"kb_38","male",c(-68.068935, -67.570716),"2022-12-31 04:45:27 UTC",0,0
"kb_38","male",c(-68.068935, -67.570716),"2022-12-31 04:47:26 UTC",0,0
"kb_38","male",c(-68.068935, -67.570716),"2022-12-31 04:49:34 UTC",0,0
"kb_38","male",c(-68.068935, -67.570716),"2022-12-31 04:51:32 UTC",0,0
"kb_38","male",c(-68.068935, -67.570716),"2022-12-31 04:53:26 UTC",0,0
"kb_38","male",c(-68.068935, -67.570716),"2022-12-31 04:55:22 UTC",0,0
"kb_38","male",c(-68.068935, -67.570716),"2022-12-31 04:57:23 UTC",0,0
"kb_38","male",c(-68.068935, -67.570716),"2022-12-31 04:59:28 UTC",0,0
"kb_38","male",c(-68.068935, -67.570716),"2022-12-31 05:01:23 UTC",0,0
"kb_38","male",c(-68.068935, -67.570716),"2022-12-31 05:03:30 UTC",0,0
"kb_38","male",c(-68.068935, -67.570716),"2022-12-31 05:05:35 UTC",0,0
"kb_38","male",c(-68.068935, -67.570716),"2022-12-31 05:07:26 UTC",0,0
"kb_38","male",c(-68.068935, -67.570716),"2022-12-31 05:09:27 UTC",0,0
"kb_38","male",c(-68.068935, -67.570716),"2022-12-31 05:11:26 UTC",0,0
"kb_38","male",c(-68.068935, -67.570716),"2022-12-31 05:13:34 UTC",0,0
"kb_38","male",c(-68.068935, -67.570716),"2022-12-31 05:15:26 UTC",0,0
"kb_38","male",c(-68.068935, -67.570716),"2022-12-31 05:17:28 UTC",0,0
"kb_38","male",c(-68.068935, -67.570716),"2022-12-31 05:19:33 UTC",0,0
"kb_38","male",c(-68.068935, -67.570716),"2022-12-31 05:21:19 UTC",0,0
"kb_38","male",c(-68.068935, -67.570716),"2022-12-31 05:23:23 UTC",0,0
"kb_38","male",c(-68.068935, -67.570716),"2022-12-31 05:25:25 UTC",0,0
"kb_38","male",c(-68.068935, -67.570716),"2022-12-31 05:27:31 UTC",0,0
"kb_38","male",c(-68.068935, -67.570716),"2022-12-31 05:29:30 UTC",0,0
"kb_38","male",c(-68.068935, -67.570716),"2022-12-31 05:31:28 UTC",0,0
"kb_38","male",c(-68.068935, -67.570716),"2022-12-31 05:33:29 UTC",0,0
"kb_38","male",c(-68.068935, -67.570716),"2022-12-31 05:35:22 UTC",0,0
"kb_38","male",c(-68.068935, -67.570716),"2022-12-31 05:37:25 UTC",0,0
"kb_38","male",c(-68.068935, -67.570716),"2022-12-31 05:39:14 UTC",0,0
"kb_38","male",c(-68.068935, -67.570716),"2022-12-31 05:41:03 UTC",0,0
"kb_38","male",c(-68.068935, -67.570716),"2022-12-31 05:43:04 UTC",0,0
"kb_38","male",c(-68.068935, -67.570716),"2022-12-31 05:45:03 UTC",0,0
"kb_38","male",c(-68.068935, -67.570716),"2022-12-31 05:47:02 UTC",0,0
"kb_38","male",c(-68.068935, -67.570716),"2022-12-31 05:49:00 UTC",0,0
"kb_38","male",c(-68.068935, -67.570716),"2022-12-31 05:50:59 UTC",0,0
"kb_38","male",c(-68.068935, -67.570716),"2022-12-31 05:53:05 UTC",0,0
"kb_38","male",c(-68.068935, -67.570716),"2022-12-31 05:54:59 UTC",0,0
"kb_38","male",c(-68.068935, -67.570716),"2022-12-31 05:57:06 UTC",0,0
"kb_38","male",c(-68.068935, -67.570716),"2022-12-31 05:59:10 UTC",0,0
"kb_38","male",c(-68.068935, -67.570716),"2022-12-31 06:00:56 UTC",0,0
"kb_38","male",c(-68.068935, -67.570716),"2022-12-31 06:02:55 UTC",0,0
"kb_38","male",c(-68.068935, -67.570716),"2022-12-31 06:04:52 UTC",0,0
"kb_38","male",c(-68.068935, -67.570716),"2022-12-31 06:06:50 UTC",0,0
"kb_38","male",c(-68.068935, -67.570716),"2022-12-31 06:08:51 UTC",0,0
"kb_38","male",c(-68.068935, -67.570716),"2022-12-31 06:10:39 UTC",0,0
"kb_38","male",c(-68.068935, -67.570716),"2022-12-31 06:12:38 UTC",0,0
"kb_38","male",c(-68.068935, -67.570716),"2022-12-31 06:14:36 UTC",0,0
"kb_38","male",c(-68.068935, -67.570716),"2022-12-31 06:16:36 UTC",0,0
"kb_38","male",c(-68.068935, -67.570716),"2022-12-31 06:18:34 UTC",0,0
"kb_38","male",c(-68.068935, -67.570716),"2022-12-31 06:20:33 UTC",0,0
"kb_38","male",c(-68.068935, -67.570716),"2022-12-31 06:22:32 UTC",0,0
"kb_38","male",c(-68.068935, -67.570716),"2022-12-31 06:24:31 UTC",0,0
"kb_38","male",c(-68.068935, -67.570716),"2022-12-31 06:26:31 UTC",0,0
"kb_38","male",c(-68.068935, -67.570716),"2022-12-31 06:28:29 UTC",0,0
"kb_38","male",c(-68.068935, -67.570716),"2022-12-31 06:30:28 UTC",0,0
"kb_38","male",c(-68.068935, -67.570716),"2022-12-31 06:32:28 UTC",0,0
"kb_38","male",c(-68.068935, -67.570716),"2022-12-31 06:34:30 UTC",0,0
"kb_38","male",c(-68.068935, -67.570716),"2022-12-31 06:36:28 UTC",0,0
"kb_38","male",c(-68.068935, -67.570716),"2022-12-31 06:38:28 UTC",0,0
"kb_38","male",c(-68.068935, -67.570716),"2022-12-31 06:40:47 UTC",0,0
"kb_38","male",c(-68.068935, -67.570716),"2022-12-31 06:42:46 UTC",0,0
"kb_38","male",c(-68.068935, -67.570716),"2022-12-31 06:45:00 UTC",0,0
"kb_38","male",c(-68.068935, -67.570716),"2022-12-31 06:46:46 UTC",0,0
"kb_38","male",c(-68.068935, -67.570716),"2022-12-31 06:48:45 UTC",0,0
"kb_38","male",c(-68.068935, -67.570716),"2022-12-31 06:50:57 UTC",0,0
"kb_38","male",c(-68.068935, -67.570716),"2022-12-31 06:52:54 UTC",0,0
"kb_38","male",c(-68.068935, -67.570716),"2022-12-31 06:54:40 UTC",0,0
"kb_38","male",c(-68.068935, -67.570716),"2022-12-31 06:56:40 UTC",0,0
"kb_38","male",c(-68.068935, -67.570716),"2022-12-31 06:58:41 UTC",0,0
"kb_38","male",c(-68.068935, -67.570716),"2022-12-31 07:00:38 UTC",0,0
"kb_38","male",c(-68.068935, -67.570716),"2022-12-31 07:02:37 UTC",0,0
"kb_38","male",c(-68.068935, -67.570716),"2022-12-31 07:04:35 UTC",0,0
"kb_38","male",c(-68.068935, -67.570716),"2022-12-31 07:06:35 UTC",0,0
"kb_38","male",c(-68.068935, -67.570716),"2022-12-31 07:08:35 UTC",0,0
"kb_38","male",c(-68.068935, -67.570716),"2022-12-31 07:10:36 UTC",0,0
"kb_38","male",c(-68.068935, -67.570716),"2022-12-31 07:12:33 UTC",0,0
"kb_38","male",c(-68.068935, -67.570716),"2022-12-31 07:14:32 UTC",0,0
"kb_38","male",c(-68.068935, -67.570716),"2022-12-31 07:16:31 UTC",0,0
"kb_38","male",c(-68.068935, -67.570716),"2022-12-31 07:18:30 UTC",0,0
"kb_38","male",c(-68.068935, -67.570716),"2022-12-31 07:20:31 UTC",0,0
"kb_38","male",c(-68.068935, -67.570716),"2022-12-31 07:22:27 UTC",0,0
"kb_38","male",c(-68.068935, -67.570716),"2022-12-31 07:24:29 UTC",0,0
"kb_38","male",c(-68.068935, -67.570716),"2022-12-31 07:26:28 UTC",0,0
"kb_38","male",c(-68.068935, -67.570716),"2022-12-31 07:28:27 UTC",0,0
"kb_38","male",c(-68.068935, -67.570716),"2022-12-31 07:30:26 UTC",0,0
"kb_38","male",c(-68.068935, -67.570716),"2022-12-31 07:32:34 UTC",0,0
"kb_38","male",c(-68.068935, -67.570716),"2022-12-31 07:34:25 UTC",0,0
"kb_38","male",c(-68.068935, -67.570716),"2022-12-31 07:36:37 UTC",0,0
"kb_38","male",c(-68.068935, -67.570716),"2022-12-31 07:38:36 UTC",0,0
"kb_38","male",c(-68.068935, -67.570716),"2022-12-31 07:40:11 UTC",0,0
"kb_38","male",c(-68.068935, -67.570716),"2022-12-31 07:42:10 UTC",0,0
"kb_38","male",c(-68.068935, -67.570716),"2022-12-31 07:44:07 UTC",0,0
"kb_38","male",c(-68.068935, -67.570716),"2022-12-31 07:46:08 UTC",0,0
"kb_38","male",c(-68.068935, -67.570716),"2022-12-31 07:48:04 UTC",0,0
"kb_38","male",c(-68.068935, -67.570716),"2022-12-31 07:50:04 UTC",0,0
"kb_38","male",c(-68.068935, -67.570716),"2022-12-31 07:52:03 UTC",0,0
"kb_38","male",c(-68.068935, -67.570716),"2022-12-31 07:54:04 UTC",0,0
"kb_38","male",c(-68.068935, -67.570716),"2022-12-31 07:56:02 UTC",0,0
"kb_38","male",c(-68.068935, -67.570716),"2022-12-31 07:58:00 UTC",0,0
"kb_38","male",c(-68.068935, -67.570716),"2022-12-31 07:59:58 UTC",0,0
"kb_38","male",c(-68.068935, -67.570716),"2022-12-31 08:02:06 UTC",0,0
"kb_38","male",c(-68.068935, -67.570716),"2022-12-31 08:04:06 UTC",0,0
"kb_38","male",c(-68.068935, -67.570716),"2022-12-31 08:06:00 UTC",0,0
"kb_38","male",c(-68.068935, -67.570716),"2022-12-31 08:08:05 UTC",0,0
"kb_38","male",c(-68.068935, -67.570716),"2022-12-31 08:09:57 UTC",0,0
"kb_38","male",c(-68.068935, -67.570716),"2022-12-31 08:11:54 UTC",0,0
"kb_38","male",c(-68.068935, -67.570716),"2022-12-31 08:13:54 UTC",0,0
"kb_38","male",c(-68.068935, -67.570716),"2022-12-31 08:15:48 UTC",0,0
"kb_38","male",c(-68.068935, -67.570716),"2022-12-31 08:17:45 UTC",0,0
"kb_38","male",c(-68.068935, -67.570716),"2022-12-31 08:19:46 UTC",0,0
"kb_38","male",c(-68.068935, -67.570716),"2022-12-31 08:21:44 UTC",0,0
"kb_38","male",c(-68.068935, -67.570716),"2022-12-31 08:23:44 UTC",0,0
"kb_38","male",c(-68.068935, -67.570716),"2022-12-31 08:25:42 UTC",0,0
"kb_38","male",c(-68.068935, -67.570716),"2022-12-31 08:27:41 UTC",0,0
"kb_38","male",c(-68.068935, -67.570716),"2022-12-31 08:29:46 UTC",0,0
"kb_38","male",c(-68.068935, -67.570716),"2022-12-31 08:31:45 UTC",0,0
"kb_38","male",c(-68.068935, -67.570716),"2022-12-31 08:33:39 UTC",0,0
"kb_38","male",c(-68.068935, -67.570716),"2022-12-31 08:35:40 UTC",0,0
"kb_38","male",c(-68.068935, -67.570716),"2022-12-31 08:37:46 UTC",0,0
"kb_38","male",c(-68.068935, -67.570716),"2022-12-31 08:39:47 UTC",0,0
"kb_38","male",c(-68.068935, -67.570716),"2022-12-31 08:41:39 UTC",0,0
"kb_38","male",c(-68.068935, -67.570716),"2022-12-31 08:43:45 UTC",0,0
"kb_38","male",c(-68.068935, -67.570716),"2022-12-31 08:45:46 UTC",0,0
"kb_38","male",c(-68.068935, -67.570716),"2022-12-31 08:47:40 UTC",0,0
"kb_38","male",c(-68.068935, -67.570716),"2022-12-31 08:49:37 UTC",0,0
"kb_38","male",c(-68.068935, -67.570716),"2022-12-31 08:51:35 UTC",0,0
"kb_38","male",c(-68.068935, -67.570716),"2022-12-31 08:53:37 UTC",0,0
"kb_38","male",c(-68.068935, -67.570716),"2022-12-31 08:55:34 UTC",0,0
"kb_38","male",c(-68.068935, -67.570716),"2022-12-31 08:57:40 UTC",0,0
"kb_38","male",c(-68.068935, -67.570716),"2022-12-31 08:59:35 UTC",0,0
"kb_38","male",c(-68.068935, -67.570716),"2022-12-31 09:01:31 UTC",0,0
"kb_38","male",c(-68.068935, -67.570716),"2022-12-31 09:03:33 UTC",0,0
"kb_38","male",c(-68.068935, -67.570716),"2022-12-31 09:05:33 UTC",0,0
"kb_38","male",c(-68.068935, -67.570716),"2022-12-31 09:07:31 UTC",0,0
"kb_38","male",c(-68.068935, -67.570716),"2022-12-31 09:10:45 UTC",0,0
"kb_38","male",c(-68.068935, -67.570716),"2022-12-31 09:12:44 UTC",0,0
"kb_38","male",c(-68.068935, -67.570716),"2022-12-31 09:14:43 UTC",0,0
"kb_38","male",c(-68.068935, -67.570716),"2022-12-31 09:16:40 UTC",0,0
"kb_38","male",c(-68.068935, -67.570716),"2022-12-31 09:18:39 UTC",0,0
"kb_38","male",c(-68.068935, -67.570716),"2022-12-31 09:20:38 UTC",0,0
"kb_38","male",c(-68.068935, -67.570716),"2022-12-31 09:22:39 UTC",0,0
"kb_38","male",c(-68.068935, -67.570716),"2022-12-31 09:24:36 UTC",0,0
"kb_38","male",c(-68.068935, -67.570716),"2022-12-31 09:26:34 UTC",0,0
"kb_38","male",c(-68.068935, -67.570716),"2022-12-31 09:28:36 UTC",0,0
"kb_38","male",c(-68.068935, -67.570716),"2022-12-31 09:30:36 UTC",0,0
"kb_38","male",c(-68.068935, -67.570716),"2022-12-31 09:32:35 UTC",0,0
"kb_38","male",c(-68.068935, -67.570716),"2022-12-31 09:34:39 UTC",0,0
"kb_38","male",c(-68.068935, -67.570716),"2022-12-31 09:36:32 UTC",0,0
"kb_38","male",c(-68.068935, -67.570716),"2022-12-31 09:38:33 UTC",0,0
"kb_38","male",c(-68.068935, -67.570716),"2022-12-31 09:40:16 UTC",0,0
"kb_38","male",c(-68.068935, -67.570716),"2022-12-31 09:42:23 UTC",0,0
"kb_38","male",c(-68.068935, -67.570716),"2022-12-31 09:44:20 UTC",0,0
"kb_38","male",c(-68.068935, -67.570716),"2022-12-31 09:46:13 UTC",0,0
"kb_38","male",c(-68.068935, -67.570716),"2022-12-31 09:48:12 UTC",0,0
"kb_38","male",c(-68.068935, -67.570716),"2022-12-31 09:50:10 UTC",0,0
"kb_38","male",c(-68.068935, -67.570716),"2022-12-31 10:28:33 UTC",0,0
"kb_38","male",c(-68.068935, -67.570716),"2022-12-31 10:43:58 UTC",0,0
"kb_38","male",c(-68.068935, -67.570716),"2022-12-31 10:46:04 UTC",0,0
"kb_38","male",c(-68.068935, -67.570716),"2022-12-31 10:47:59 UTC",0,0
"kb_38","male",c(-68.068935, -67.570716),"2022-12-31 10:49:56 UTC",0,0
"kb_38","male",c(-68.068935, -67.570716),"2022-12-31 10:52:03 UTC",0,0
"kb_38","male",c(-68.068935, -67.570716),"2022-12-31 10:53:55 UTC",0,0
"kb_38","male",c(-68.068935, -67.570716),"2022-12-31 10:55:54 UTC",0,0
"kb_38","male",c(-68.068935, -67.570716),"2022-12-31 10:57:52 UTC",0,0
"kb_38","male",c(-68.068935, -67.570716),"2022-12-31 10:59:51 UTC",0,0
"kb_38","male",c(-68.068935, -67.570716),"2022-12-31 11:01:53 UTC",0,0
"kb_38","male",c(-68.068935, -67.570716),"2022-12-31 11:03:58 UTC",0,0
"kb_38","male",c(-68.068935, -67.570716),"2022-12-31 11:05:58 UTC",0,0
"kb_38","male",c(-68.068935, -67.570716),"2022-12-31 11:07:56 UTC",0,0
"kb_38","male",c(-68.068935, -67.570716),"2022-12-31 11:09:41 UTC",0,0
"kb_38","male",c(-68.068935, -67.570716),"2022-12-31 11:11:47 UTC",0,0
"kb_38","male",c(-68.068935, -67.570716),"2022-12-31 11:13:40 UTC",0,0
"kb_38","male",c(-68.068935, -67.570716),"2022-12-31 11:15:37 UTC",0,0
"kb_38","male",c(-68.068935, -67.570716),"2022-12-31 11:17:38 UTC",0,0
"kb_38","male",c(-68.068935, -67.570716),"2022-12-31 11:19:37 UTC",0,0
"kb_38","male",c(-68.068935, -67.570716),"2022-12-31 11:21:34 UTC",0,0
"kb_38","male",c(-68.068935, -67.570716),"2022-12-31 11:23:40 UTC",0,0
"kb_38","male",c(-68.068935, -67.570716),"2022-12-31 11:25:32 UTC",0,0
"kb_38","male",c(-68.068935, -67.570716),"2022-12-31 11:27:32 UTC",0,0
"kb_38","male",c(-68.068935, -67.570716),"2022-12-31 11:29:30 UTC",0,0
"kb_38","male",c(-68.068935, -67.570716),"2022-12-31 11:31:32 UTC",0,0
"kb_38","male",c(-68.068935, -67.570716),"2022-12-31 11:33:29 UTC",0,0
"kb_38","male",c(-68.068935, -67.570716),"2022-12-31 11:35:29 UTC",0,0
"kb_38","male",c(-68.068935, -67.570716),"2022-12-31 11:37:27 UTC",0,0
"kb_38","male",c(-68.068935, -67.570716),"2022-12-31 11:39:54 UTC",0,0
"kb_38","male",c(-68.068935, -67.570716),"2022-12-31 11:41:53 UTC",0,0
"kb_38","male",c(-68.068935, -67.570716),"2022-12-31 11:43:52 UTC",0,0
"kb_38","male",c(-68.068935, -67.570716),"2022-12-31 11:45:52 UTC",0,0
"kb_38","male",c(-68.068935, -67.570716),"2022-12-31 11:47:50 UTC",0,0
"kb_38","male",c(-68.068935, -67.570716),"2022-12-31 11:49:49 UTC",0,0
"kb_38","male",c(-68.068935, -67.570716),"2022-12-31 11:51:49 UTC",0,0
"kb_38","male",c(-68.068935, -67.570716),"2022-12-31 11:56:32 UTC",0,0
"kb_38","male",c(-68.068935, -67.570716),"2022-12-31 11:58:30 UTC",0,0
"kb_38","male",c(-68.068935, -67.570716),"2022-12-31 12:00:30 UTC",0,0
"kb_38","male",c(-68.068935, -67.570716),"2022-12-31 12:02:29 UTC",0,0
"kb_38","male",c(-68.068935, -67.570716),"2022-12-31 12:07:38 UTC",0,0
"kb_38","male",c(-68.068935, -67.570716),"2022-12-31 12:09:28 UTC",0,0
"kb_38","male",c(-68.068935, -67.570716),"2022-12-31 12:11:26 UTC",0,0
"kb_38","male",c(-68.068935, -67.570716),"2022-12-31 12:13:25 UTC",0,0
"kb_38","male",c(-68.068935, -67.570716),"2022-12-31 12:15:24 UTC",0,0
"kb_38","male",c(-68.068935, -67.570716),"2022-12-31 12:17:23 UTC",0,0
"kb_38","male",c(-68.068935, -67.570716),"2022-12-31 12:19:23 UTC",0,0
"kb_38","male",c(-68.068935, -67.570716),"2022-12-31 12:21:24 UTC",0,0
"kb_38","male",c(-68.068935, -67.570716),"2022-12-31 12:23:24 UTC",0,0
"kb_38","male",c(-68.068935, -67.570716),"2022-12-31 12:25:20 UTC",0,0
"kb_38","male",c(-68.068935, -67.570716),"2022-12-31 12:27:20 UTC",0,0
"kb_38","male",c(-68.068935, -67.570716),"2022-12-31 12:29:18 UTC",0,0
