"bird_id","sex","colony","year","date_gmt","time_gmt","latitude","longitude","datetime","datetime_rothera"
"KB_22_42644_29","Male","Killingbeck",2022,"2022-01-15","14:40:03",-67.570716,-68.068935,"2022-01-15 14:40:03","2022-01-15 11:40:03"
"KB_22_42644_29","Male","Killingbeck",2022,"2022-01-15","13:10:12",-67.570663,-68.069374,"2022-01-15 13:10:12","2022-01-15 10:10:12"
"KB_22_42644_29","Male","Killingbeck",2022,"2022-01-15","14:00:10",-67.570746,-68.069435,"2022-01-15 14:00:10","2022-01-15 11:00:10"
"KB_22_42644_29","Male","Killingbeck",2022,"2022-01-15","00:19:14",-67.570737,-68.069442,"2022-01-15 00:19:14","2022-01-14 21:19:14"
"KB_22_42644_29","Male","Killingbeck",2022,"2022-01-15","01:09:03",-67.536829,-68.032014,"2022-01-15 01:09:03","2022-01-14 22:09:03"
"KB_22_42644_29","Male","Killingbeck",2022,"2022-01-15","01:59:10",0,0,"2022-01-15 01:59:10","2022-01-14 22:59:10"
"KB_22_42644_29","Male","Killingbeck",2022,"2022-01-15","02:49:07",-67.46921,-67.970443,"2022-01-15 02:49:07","2022-01-14 23:49:07"
"KB_22_42644_29","Male","Killingbeck",2022,"2022-01-15","03:39:21",-67.474826,-67.991059,"2022-01-15 03:39:21","2022-01-15 00:39:21"
"KB_22_42644_29","Male","Killingbeck",2022,"2022-01-15","04:30:10",-67.476262,-67.994923,"2022-01-15 04:30:10","2022-01-15 01:30:10"
"KB_22_42644_29","Male","Killingbeck",2022,"2022-01-15","05:20:35",-67.476867,-67.995775,"2022-01-15 05:20:35","2022-01-15 02:20:35"
"KB_22_42644_29","Male","Killingbeck",2022,"2022-01-15","06:10:45",-67.570697,-68.069472,"2022-01-15 06:10:45","2022-01-15 03:10:45"
"KB_22_42644_29","Male","Killingbeck",2022,"2022-01-15","07:00:54",-67.570802,-68.069854,"2022-01-15 07:00:54","2022-01-15 04:00:54"
"KB_22_42644_29","Male","Killingbeck",2022,"2022-01-15","07:51:00",-67.570779,-68.069711,"2022-01-15 07:51:00","2022-01-15 04:51:00"
"KB_22_42644_29","Male","Killingbeck",2022,"2022-01-15","08:40:43",-67.570705,-68.069764,"2022-01-15 08:40:43","2022-01-15 05:40:43"
"KB_22_42644_29","Male","Killingbeck",2022,"2022-01-15","09:30:37",-67.570616,-68.069284,"2022-01-15 09:30:37","2022-01-15 06:30:37"
"KB_22_42644_29","Male","Killingbeck",2022,"2022-01-15","10:20:31",-67.570637,-68.069046,"2022-01-15 10:20:31","2022-01-15 07:20:31"
"KB_22_42644_29","Male","Killingbeck",2022,"2022-01-15","11:10:26",-67.570666,-68.06913,"2022-01-15 11:10:26","2022-01-15 08:10:26"
"KB_22_42644_29","Male","Killingbeck",2022,"2022-01-15","12:00:20",-67.570733,-68.069759,"2022-01-15 12:00:20","2022-01-15 09:00:20"
"KB_22_42644_29","Male","Killingbeck",2022,"2022-01-15","00:19:14",-67.570737,-68.069442,"2022-01-15 00:19:14","2022-01-14 21:19:14"
"KB_22_42644_29","Male","Killingbeck",2022,"2022-01-15","01:09:03",-67.536829,-68.032014,"2022-01-15 01:09:03","2022-01-14 22:09:03"
"KB_22_42644_29","Male","Killingbeck",2022,"2022-01-15","01:59:10",0,0,"2022-01-15 01:59:10","2022-01-14 22:59:10"
"KB_22_42644_29","Male","Killingbeck",2022,"2022-01-15","02:49:07",-67.46921,-67.970443,"2022-01-15 02:49:07","2022-01-14 23:49:07"
"KB_22_42644_29","Male","Killingbeck",2022,"2022-01-15","03:39:21",-67.474826,-67.991059,"2022-01-15 03:39:21","2022-01-15 00:39:21"
"KB_22_42644_29","Male","Killingbeck",2022,"2022-01-15","04:30:10",-67.476262,-67.994923,"2022-01-15 04:30:10","2022-01-15 01:30:10"
"KB_22_42644_29","Male","Killingbeck",2022,"2022-01-15","05:20:35",-67.476867,-67.995775,"2022-01-15 05:20:35","2022-01-15 02:20:35"
"KB_22_42644_29","Male","Killingbeck",2022,"2022-01-15","06:10:45",-67.570697,-68.069472,"2022-01-15 06:10:45","2022-01-15 03:10:45"
"KB_22_42644_29","Male","Killingbeck",2022,"2022-01-15","07:00:54",-67.570802,-68.069854,"2022-01-15 07:00:54","2022-01-15 04:00:54"
"KB_22_42644_29","Male","Killingbeck",2022,"2022-01-15","07:51:00",-67.570779,-68.069711,"2022-01-15 07:51:00","2022-01-15 04:51:00"
"KB_22_42644_29","Male","Killingbeck",2022,"2022-01-15","08:40:43",-67.570705,-68.069764,"2022-01-15 08:40:43","2022-01-15 05:40:43"
"KB_22_42644_29","Male","Killingbeck",2022,"2022-01-15","09:30:37",-67.570616,-68.069284,"2022-01-15 09:30:37","2022-01-15 06:30:37"
"KB_22_42644_29","Male","Killingbeck",2022,"2022-01-15","10:20:31",-67.570637,-68.069046,"2022-01-15 10:20:31","2022-01-15 07:20:31"
"KB_22_42644_29","Male","Killingbeck",2022,"2022-01-15","11:10:26",-67.570666,-68.06913,"2022-01-15 11:10:26","2022-01-15 08:10:26"
"KB_22_42644_29","Male","Killingbeck",2022,"2022-01-15","12:00:20",-67.570733,-68.069759,"2022-01-15 12:00:20","2022-01-15 09:00:20"
"KB_22_42644_29","Male","Killingbeck",2022,"2022-01-15","12:50:14",-67.570673,-68.069506,"2022-01-15 12:50:14","2022-01-15 09:50:14"
"KB_22_42644_29","Male","Killingbeck",2022,"2022-01-15","13:40:19",-67.570788,-68.0693,"2022-01-15 13:40:19","2022-01-15 10:40:19"
"KB_22_42644_29","Male","Killingbeck",2022,"2022-01-15","14:30:05",-67.570728,-68.068901,"2022-01-15 14:30:05","2022-01-15 11:30:05"
"KB_22_42644_29","Male","Killingbeck",2022,"2022-01-14","00:29:30",-67.570714,-68.069411,"2022-01-14 00:29:30","2022-01-13 21:29:30"
"KB_22_42644_29","Male","Killingbeck",2022,"2022-01-14","01:19:25",-67.570655,-68.069548,"2022-01-14 01:19:25","2022-01-13 22:19:25"
"KB_22_42644_29","Male","Killingbeck",2022,"2022-01-14","02:10:03",-67.440385,-67.915845,"2022-01-14 02:10:03","2022-01-13 23:10:03"
"KB_22_42644_29","Male","Killingbeck",2022,"2022-01-14","03:01:09",-67.450878,-67.913967,"2022-01-14 03:01:09","2022-01-14 00:01:09"
"KB_22_42644_29","Male","Killingbeck",2022,"2022-01-14","03:51:12",-67.451768,-67.913681,"2022-01-14 03:51:12","2022-01-14 00:51:12"
"KB_22_42644_29","Male","Killingbeck",2022,"2022-01-14","04:41:48",-67.470954,-67.972034,"2022-01-14 04:41:48","2022-01-14 01:41:48"
"KB_22_42644_29","Male","Killingbeck",2022,"2022-01-14","05:31:39",-67.471258,-67.974215,"2022-01-14 05:31:39","2022-01-14 02:31:39"
"KB_22_42644_29","Male","Killingbeck",2022,"2022-01-14","06:21:27",-67.570622,-68.069202,"2022-01-14 06:21:27","2022-01-14 03:21:27"
"KB_22_42644_29","Male","Killingbeck",2022,"2022-01-14","07:11:21",-67.57065,-68.069591,"2022-01-14 07:11:21","2022-01-14 04:11:21"
"KB_22_42644_29","Male","Killingbeck",2022,"2022-01-14","08:01:18",-67.570735,-68.069684,"2022-01-14 08:01:18","2022-01-14 05:01:18"
"KB_22_42644_29","Male","Killingbeck",2022,"2022-01-14","08:51:10",-67.570637,-68.069627,"2022-01-14 08:51:10","2022-01-14 05:51:10"
"KB_22_42644_29","Male","Killingbeck",2022,"2022-01-14","09:41:03",-67.57057,-68.069289,"2022-01-14 09:41:03","2022-01-14 06:41:03"
"KB_22_42644_29","Male","Killingbeck",2022,"2022-01-14","10:30:59",-67.570629,-68.06903,"2022-01-14 10:30:59","2022-01-14 07:30:59"
"KB_22_42644_29","Male","Killingbeck",2022,"2022-01-14","11:20:54",-67.571099,-68.069571,"2022-01-14 11:20:54","2022-01-14 08:20:54"
"KB_22_42657_19","Female","Killingbeck",2022,"2022-01-04","00:47:04",-67.57065,-68.069341,"2022-01-04 00:47:04","2022-01-03 21:47:04"
"KB_22_42657_19","Female","Killingbeck",2022,"2022-01-04","01:36:59",-67.569389,-68.067818,"2022-01-04 01:36:59","2022-01-03 22:36:59"
"KB_22_42657_19","Female","Killingbeck",2022,"2022-01-04","02:27:36",-67.445354,-67.934205,"2022-01-04 02:27:36","2022-01-03 23:27:36"
"KB_22_42657_19","Female","Killingbeck",2022,"2022-01-04","03:17:23",-67.444901,-67.933699,"2022-01-04 03:17:23","2022-01-04 00:17:23"
"KB_22_42657_19","Female","Killingbeck",2022,"2022-01-04","04:08:18",-67.444809,-67.933809,"2022-01-04 04:08:18","2022-01-04 01:08:18"
"KB_22_42657_19","Female","Killingbeck",2022,"2022-01-04","04:58:02",-67.445572,-67.933358,"2022-01-04 04:58:02","2022-01-04 01:58:02"
"KB_22_42657_19","Female","Killingbeck",2022,"2022-01-04","05:47:50",-67.444836,-67.932896,"2022-01-04 05:47:50","2022-01-04 02:47:50"
"KB_22_42657_19","Female","Killingbeck",2022,"2022-01-04","06:38:59",-67.456678,-67.952881,"2022-01-04 06:38:59","2022-01-04 03:38:59"
"KB_22_42657_19","Female","Killingbeck",2022,"2022-01-04","07:29:42",-67.459722,-67.95471,"2022-01-04 07:29:42","2022-01-04 04:29:42"
"KB_22_42657_19","Female","Killingbeck",2022,"2022-01-04","08:19:28",-67.469024,-67.970247,"2022-01-04 08:19:28","2022-01-04 05:19:28"
"KB_22_42657_19","Female","Killingbeck",2022,"2022-01-04","09:09:28",-67.570565,-68.069381,"2022-01-04 09:09:28","2022-01-04 06:09:28"
"KB_22_42657_19","Female","Killingbeck",2022,"2022-01-04","09:59:02",-67.570634,-68.069196,"2022-01-04 09:59:02","2022-01-04 06:59:02"
"KB_22_42657_19","Female","Killingbeck",2022,"2022-01-04","10:48:48",-67.57074,-68.069061,"2022-01-04 10:48:48","2022-01-04 07:48:48"
"KB_22_42657_19","Female","Killingbeck",2022,"2022-01-04","11:38:53",-67.570771,-68.069359,"2022-01-04 11:38:53","2022-01-04 08:38:53"
"KB_22_42657_19","Female","Killingbeck",2022,"2022-01-04","12:28:22",-67.570733,-68.06955,"2022-01-04 12:28:22","2022-01-04 09:28:22"
"KB_22_42657_19","Female","Killingbeck",2022,"2022-01-04","13:18:09",-67.570703,-68.069513,"2022-01-04 13:18:09","2022-01-04 10:18:09"
"KB_22_42657_19","Female","Killingbeck",2022,"2022-01-04","14:07:59",-67.570705,-68.069449,"2022-01-04 14:07:59","2022-01-04 11:07:59"
"KB_22_42657_19","Female","Killingbeck",2022,"2022-01-04","14:57:45",-67.570731,-68.069524,"2022-01-04 14:57:45","2022-01-04 11:57:45"
"KB_22_42657_19","Female","Killingbeck",2022,"2022-01-04","15:47:30",-67.570458,-68.069672,"2022-01-04 15:47:30","2022-01-04 12:47:30"
"KB_22_42657_19","Female","Killingbeck",2022,"2022-01-04","16:37:20",-67.570695,-68.069614,"2022-01-04 16:37:20","2022-01-04 13:37:20"
"KB_22_42657_19","Female","Killingbeck",2022,"2022-01-04","17:27:05",-67.570699,-68.069674,"2022-01-04 17:27:05","2022-01-04 14:27:05"
"KB_22_42657_19","Female","Killingbeck",2022,"2022-01-04","18:16:51",-67.570696,-68.069894,"2022-01-04 18:16:51","2022-01-04 15:16:51"
"KB_22_42657_19","Female","Killingbeck",2022,"2022-01-04","19:06:41",-67.570667,-68.069517,"2022-01-04 19:06:41","2022-01-04 16:06:41"
"KB_22_42657_19","Female","Killingbeck",2022,"2022-01-04","19:56:26",-67.570707,-68.069622,"2022-01-04 19:56:26","2022-01-04 16:56:26"
"KB_22_42657_19","Female","Killingbeck",2022,"2022-01-04","20:46:12",-67.570681,-68.069495,"2022-01-04 20:46:12","2022-01-04 17:46:12"
"KB_22_42657_19","Female","Killingbeck",2022,"2022-01-04","21:36:01",-67.5708,-68.069342,"2022-01-04 21:36:01","2022-01-04 18:36:01"
"KB_22_42657_19","Female","Killingbeck",2022,"2022-01-04","22:25:47",-67.570708,-68.069443,"2022-01-04 22:25:47","2022-01-04 19:25:47"
"KB_22_42657_19","Female","Killingbeck",2022,"2022-01-04","23:15:33",-67.570702,-68.069232,"2022-01-04 23:15:33","2022-01-04 20:15:33"
"KB_22_42657_19","Female","Killingbeck",2022,"2022-01-05","00:05:24",-67.570727,-68.069272,"2022-01-05 00:05:24","2022-01-04 21:05:24"
"KB_22_42657_19","Female","Killingbeck",2022,"2022-01-05","00:55:08",-67.570711,-68.069377,"2022-01-05 00:55:08","2022-01-04 21:55:08"
"KB_22_42657_19","Female","Killingbeck",2022,"2022-01-05","01:45:03",-67.449939,-67.954016,"2022-01-05 01:45:03","2022-01-04 22:45:03"
"KB_22_42657_19","Female","Killingbeck",2022,"2022-01-05","02:35:18",-67.452749,-67.957985,"2022-01-05 02:35:18","2022-01-04 23:35:18"
"KB_22_42657_19","Female","Killingbeck",2022,"2022-01-05","03:25:15",-67.4529,-67.959107,"2022-01-05 03:25:15","2022-01-05 00:25:15"
"KB_22_42657_19","Female","Killingbeck",2022,"2022-01-05","04:15:00",-67.452111,-67.958153,"2022-01-05 04:15:00","2022-01-05 01:15:00"
"KB_22_42657_19","Female","Killingbeck",2022,"2022-01-05","05:05:12",-67.454047,-67.958441,"2022-01-05 05:05:12","2022-01-05 02:05:12"
"KB_22_42657_19","Female","Killingbeck",2022,"2022-01-05","05:55:11",-67.456941,-67.965912,"2022-01-05 05:55:11","2022-01-05 02:55:11"
"KB_22_42657_19","Female","Killingbeck",2022,"2022-01-05","06:45:39",-67.450717,-67.949395,"2022-01-05 06:45:39","2022-01-05 03:45:39"
"KB_22_42657_19","Female","Killingbeck",2022,"2022-01-05","07:37:52",-67.45373,-67.951983,"2022-01-05 07:37:52","2022-01-05 04:37:52"
"KB_22_42657_19","Female","Killingbeck",2022,"2022-01-05","08:27:47",-67.570691,-68.069734,"2022-01-05 08:27:47","2022-01-05 05:27:47"
"KB_22_42657_19","Female","Killingbeck",2022,"2022-01-05","09:17:34",-67.570606,-68.069339,"2022-01-05 09:17:34","2022-01-05 06:17:34"
"KB_22_42657_19","Female","Killingbeck",2022,"2022-01-05","10:07:24",-67.570568,-68.06925,"2022-01-05 10:07:24","2022-01-05 07:07:24"
"KB_22_42657_19","Female","Killingbeck",2022,"2022-01-05","10:57:10",-67.570578,-68.069061,"2022-01-05 10:57:10","2022-01-05 07:57:10"
"KB_22_42657_19","Female","Killingbeck",2022,"2022-01-05","11:46:54",-67.570649,-68.069449,"2022-01-05 11:46:54","2022-01-05 08:46:54"
"KB_22_42657_19","Female","Killingbeck",2022,"2022-01-05","12:36:44",-67.570612,-68.069539,"2022-01-05 12:36:44","2022-01-05 09:36:44"
"KB_22_42657_19","Female","Killingbeck",2022,"2022-01-05","13:26:30",-67.570635,-68.069547,"2022-01-05 13:26:30","2022-01-05 10:26:30"
"KB_22_42657_19","Female","Killingbeck",2022,"2022-01-05","14:16:18",-67.570702,-68.069318,"2022-01-05 14:16:18","2022-01-05 11:16:18"
"KB_22_42657_19","Female","Killingbeck",2022,"2022-01-05","15:06:06",-67.570698,-68.069744,"2022-01-05 15:06:06","2022-01-05 12:06:06"
"KB_22_42657_19","Female","Killingbeck",2022,"2022-01-05","15:55:51",-67.570743,-68.069739,"2022-01-05 15:55:51","2022-01-05 12:55:51"
"KB_22_42657_19","Female","Killingbeck",2022,"2022-01-05","16:45:37",-67.570674,-68.069662,"2022-01-05 16:45:37","2022-01-05 13:45:37"
"KB_22_42657_19","Female","Killingbeck",2022,"2022-01-05","17:35:30",-67.570542,-68.069439,"2022-01-05 17:35:30","2022-01-05 14:35:30"
"KB_22_42718_27","Female","Killingbeck",2022,"2022-01-04","00:32:40",-67.569535,-68.067651,"2022-01-04 00:32:40","2022-01-03 21:32:40"
"KB_22_42718_27","Female","Killingbeck",2022,"2022-01-04","01:22:35",-67.569596,-68.06742,"2022-01-04 01:22:35","2022-01-03 22:22:35"
"KB_22_42718_27","Female","Killingbeck",2022,"2022-01-04","02:12:22",-67.570398,-68.068913,"2022-01-04 02:12:22","2022-01-03 23:12:22"
"KB_22_42718_27","Female","Killingbeck",2022,"2022-01-04","03:03:58",-67.548166,-67.803146,"2022-01-04 03:03:58","2022-01-04 00:03:58"
"KB_22_42718_27","Female","Killingbeck",2022,"2022-01-04","03:55:50",-67.547214,-67.784604,"2022-01-04 03:55:50","2022-01-04 00:55:50"
"KB_22_42718_27","Female","Killingbeck",2022,"2022-01-04","04:47:51",-67.548202,-67.786226,"2022-01-04 04:47:51","2022-01-04 01:47:51"
"KB_22_42718_27","Female","Killingbeck",2022,"2022-01-04","05:37:30",-67.546944,-67.785735,"2022-01-04 05:37:30","2022-01-04 02:37:30"
"KB_22_42718_27","Female","Killingbeck",2022,"2022-01-04","06:27:15",-67.5468,-67.785215,"2022-01-04 06:27:15","2022-01-04 03:27:15"
"KB_22_42718_27","Female","Killingbeck",2022,"2022-01-04","07:17:15",-67.570887,-68.070043,"2022-01-04 07:17:15","2022-01-04 04:17:15"
"KB_22_42718_27","Female","Killingbeck",2022,"2022-01-04","08:06:51",-67.546561,-67.802237,"2022-01-04 08:06:51","2022-01-04 05:06:51"
"KB_22_42718_27","Female","Killingbeck",2022,"2022-01-04","08:58:15",-67.546787,-67.784528,"2022-01-04 08:58:15","2022-01-04 05:58:15"
"KB_22_42718_27","Female","Killingbeck",2022,"2022-01-04","09:48:50",-67.545916,-67.783791,"2022-01-04 09:48:50","2022-01-04 06:48:50"
"KB_22_42718_27","Female","Killingbeck",2022,"2022-01-04","10:40:34",-67.566577,-67.895823,"2022-01-04 10:40:34","2022-01-04 07:40:34"
"KB_22_42718_27","Female","Killingbeck",2022,"2022-01-04","11:30:22",-67.571202,-68.067739,"2022-01-04 11:30:22","2022-01-04 08:30:22"
"KB_22_42718_27","Female","Killingbeck",2022,"2022-01-04","12:20:10",-67.570743,-68.069627,"2022-01-04 12:20:10","2022-01-04 09:20:10"
"KB_22_42718_27","Female","Killingbeck",2022,"2022-01-04","13:09:58",-67.570605,-68.069435,"2022-01-04 13:09:58","2022-01-04 10:09:58"
"KB_22_42718_27","Female","Killingbeck",2022,"2022-01-04","13:59:41",-67.570709,-68.069561,"2022-01-04 13:59:41","2022-01-04 10:59:41"
"KB_22_42718_27","Female","Killingbeck",2022,"2022-01-04","14:49:32",-67.57071,-68.069363,"2022-01-04 14:49:32","2022-01-04 11:49:32"
"KB_22_42718_27","Female","Killingbeck",2022,"2022-01-04","15:39:16",-67.570728,-68.069494,"2022-01-04 15:39:16","2022-01-04 12:39:16"
"KB_22_42718_27","Female","Killingbeck",2022,"2022-01-04","16:29:01",-67.570766,-68.069751,"2022-01-04 16:29:01","2022-01-04 13:29:01"
"KB_22_42718_27","Female","Killingbeck",2022,"2022-01-04","17:18:55",-67.570792,-68.069547,"2022-01-04 17:18:55","2022-01-04 14:18:55"
"KB_22_42718_27","Female","Killingbeck",2022,"2022-01-04","18:08:37",-67.570744,-68.069875,"2022-01-04 18:08:37","2022-01-04 15:08:37"
"KB_22_42718_27","Female","Killingbeck",2022,"2022-01-04","18:58:23",-67.570362,-68.068917,"2022-01-04 18:58:23","2022-01-04 15:58:23"
"KB_22_42718_27","Female","Killingbeck",2022,"2022-01-04","19:48:22",-67.570705,-68.069507,"2022-01-04 19:48:22","2022-01-04 16:48:22"
"KB_22_42718_27","Female","Killingbeck",2022,"2022-01-04","20:38:10",-67.570806,-68.069488,"2022-01-04 20:38:10","2022-01-04 17:38:10"
"KB_22_42718_27","Female","Killingbeck",2022,"2022-01-04","21:27:44",-67.570687,-68.069376,"2022-01-04 21:27:44","2022-01-04 18:27:44"
"KB_22_42718_27","Female","Killingbeck",2022,"2022-01-04","22:17:34",-67.570696,-68.069439,"2022-01-04 22:17:34","2022-01-04 19:17:34"
"KB_22_42718_27","Female","Killingbeck",2022,"2022-01-04","23:07:19",-67.570761,-68.069358,"2022-01-04 23:07:19","2022-01-04 20:07:19"
"KB_22_42718_27","Female","Killingbeck",2022,"2022-01-04","23:57:04",-67.570689,-68.06939,"2022-01-04 23:57:04","2022-01-04 20:57:04"
"KB_22_42718_27","Female","Killingbeck",2022,"2022-01-05","00:46:56",-67.570637,-68.069305,"2022-01-05 00:46:56","2022-01-04 21:46:56"
"KB_22_42718_27","Female","Killingbeck",2022,"2022-01-05","01:36:42",-67.570662,-68.06927,"2022-01-05 01:36:42","2022-01-04 22:36:42"
"KB_22_42718_27","Female","Killingbeck",2022,"2022-01-05","02:26:27",-67.571274,-68.068663,"2022-01-05 02:26:27","2022-01-04 23:26:27"
"KB_22_42718_27","Female","Killingbeck",2022,"2022-01-05","03:16:16",-67.570736,-68.069394,"2022-01-05 03:16:16","2022-01-05 00:16:16"
"KB_22_42718_27","Female","Killingbeck",2022,"2022-01-05","04:07:21",-67.547153,-67.782084,"2022-01-05 04:07:21","2022-01-05 01:07:21"
"KB_22_42718_27","Female","Killingbeck",2022,"2022-01-05","04:57:10",-67.546903,-67.691281,"2022-01-05 04:57:10","2022-01-05 01:57:10"
"KB_22_42718_27","Female","Killingbeck",2022,"2022-01-05","05:46:59",-67.546946,-67.691534,"2022-01-05 05:46:59","2022-01-05 02:46:59"
"KB_22_42718_27","Female","Killingbeck",2022,"2022-01-05","06:37:36",-67.546971,-67.690968,"2022-01-05 06:37:36","2022-01-05 03:37:36"
"KB_22_42718_27","Female","Killingbeck",2022,"2022-01-05","07:27:21",-67.546851,-67.691401,"2022-01-05 07:27:21","2022-01-05 04:27:21"
"KB_22_42718_27","Female","Killingbeck",2022,"2022-01-05","08:18:47",-67.546244,-67.695766,"2022-01-05 08:18:47","2022-01-05 05:18:47"
"KB_22_42718_27","Female","Killingbeck",2022,"2022-01-05","09:09:27",-67.553666,-67.701032,"2022-01-05 09:09:27","2022-01-05 06:09:27"
"KB_22_42718_27","Female","Killingbeck",2022,"2022-01-05","09:59:11",-67.548731,-67.787742,"2022-01-05 09:59:11","2022-01-05 06:59:11"
"KB_22_42718_27","Female","Killingbeck",2022,"2022-01-05","10:49:03",-67.570313,-68.069085,"2022-01-05 10:49:03","2022-01-05 07:49:03"
"KB_22_42718_27","Female","Killingbeck",2022,"2022-01-05","11:38:48",-67.571589,-68.092215,"2022-01-05 11:38:48","2022-01-05 08:38:48"
"KB_22_42718_27","Female","Killingbeck",2022,"2022-01-05","12:28:33",-67.570704,-68.069438,"2022-01-05 12:28:33","2022-01-05 09:28:33"
"KB_22_42718_27","Female","Killingbeck",2022,"2022-01-05","13:18:22",-67.570697,-68.069547,"2022-01-05 13:18:22","2022-01-05 10:18:22"
"KB_22_42718_27","Female","Killingbeck",2022,"2022-01-05","14:08:16",-67.57041,-68.068786,"2022-01-05 14:08:16","2022-01-05 11:08:16"
"KB_22_42718_27","Female","Killingbeck",2022,"2022-01-05","14:57:55",-67.57079,-68.069012,"2022-01-05 14:57:55","2022-01-05 11:57:55"
"KB_22_42718_27","Female","Killingbeck",2022,"2022-01-05","15:47:43",-67.570747,-68.069454,"2022-01-05 15:47:43","2022-01-05 12:47:43"
"KB_22_42718_27","Female","Killingbeck",2022,"2022-01-05","16:37:31",-67.57069,-68.06956,"2022-01-05 16:37:31","2022-01-05 13:37:31"
"KB_22_42718_27","Female","Killingbeck",2022,"2022-01-05","17:27:16",-67.570804,-68.069494,"2022-01-05 17:27:16","2022-01-05 14:27:16"
"KB_22_42952_24","Female","Killingbeck",2022,"2022-01-04","01:01:08",-67.570779,-68.069619,"2022-01-04 01:01:08","2022-01-03 22:01:08"
"KB_22_42952_24","Female","Killingbeck",2022,"2022-01-04","01:51:23",-67.57062,-68.069365,"2022-01-04 01:51:23","2022-01-03 22:51:23"
"KB_22_42952_24","Female","Killingbeck",2022,"2022-01-04","02:40:58",-67.570826,-68.069855,"2022-01-04 02:40:58","2022-01-03 23:40:58"
"KB_22_42952_24","Female","Killingbeck",2022,"2022-01-04","03:30:43",-67.570721,-68.069776,"2022-01-04 03:30:43","2022-01-04 00:30:43"
"KB_22_42952_24","Female","Killingbeck",2022,"2022-01-04","04:20:33",-67.570676,-68.069949,"2022-01-04 04:20:33","2022-01-04 01:20:33"
"KB_22_42952_24","Female","Killingbeck",2022,"2022-01-04","05:10:25",-67.466201,-67.977225,"2022-01-04 05:10:25","2022-01-04 02:10:25"
"KB_22_42952_24","Female","Killingbeck",2022,"2022-01-04","06:00:13",-67.439168,-67.969825,"2022-01-04 06:00:13","2022-01-04 03:00:13"
"KB_22_42952_24","Female","Killingbeck",2022,"2022-01-04","06:51:04",-67.440955,-67.971477,"2022-01-04 06:51:04","2022-01-04 03:51:04"
"KB_22_42952_24","Female","Killingbeck",2022,"2022-01-04","07:40:50",-67.445073,-67.975197,"2022-01-04 07:40:50","2022-01-04 04:40:50"
"KB_22_42952_24","Female","Killingbeck",2022,"2022-01-04","08:30:35",-67.444962,-67.97593,"2022-01-04 08:30:35","2022-01-04 05:30:35"
"KB_22_42952_24","Female","Killingbeck",2022,"2022-01-04","09:20:26",-67.444964,-67.975741,"2022-01-04 09:20:26","2022-01-04 06:20:26"
"KB_22_42952_24","Female","Killingbeck",2022,"2022-01-04","10:11:34",-67.449374,-67.964098,"2022-01-04 10:11:34","2022-01-04 07:11:34"
"KB_22_42952_24","Female","Killingbeck",2022,"2022-01-04","11:01:20",-67.53731,-68.061122,"2022-01-04 11:01:20","2022-01-04 08:01:20"
"KB_22_42952_24","Female","Killingbeck",2022,"2022-01-04","11:51:11",-67.571701,-68.071543,"2022-01-04 11:51:11","2022-01-04 08:51:11"
"KB_22_42952_24","Female","Killingbeck",2022,"2022-01-04","12:40:56",-67.570692,-68.069876,"2022-01-04 12:40:56","2022-01-04 09:40:56"
"KB_22_42952_24","Female","Killingbeck",2022,"2022-01-04","13:30:45",-67.570605,-68.069781,"2022-01-04 13:30:45","2022-01-04 10:30:45"
"KB_22_42952_24","Female","Killingbeck",2022,"2022-01-04","14:20:36",-67.57069,-68.069664,"2022-01-04 14:20:36","2022-01-04 11:20:36"
"KB_22_42952_24","Female","Killingbeck",2022,"2022-01-04","15:10:17",-67.570771,-68.069822,"2022-01-04 15:10:17","2022-01-04 12:10:17"
"KB_22_42952_24","Female","Killingbeck",2022,"2022-01-04","16:00:04",-67.570532,-68.069945,"2022-01-04 16:00:04","2022-01-04 13:00:04"
"KB_22_42952_24","Female","Killingbeck",2022,"2022-01-04","16:49:54",-67.570754,-68.069956,"2022-01-04 16:49:54","2022-01-04 13:49:54"
"KB_22_42952_24","Female","Killingbeck",2022,"2022-01-04","17:39:42",-67.57066,-68.069817,"2022-01-04 17:39:42","2022-01-04 14:39:42"
"KB_22_42952_24","Female","Killingbeck",2022,"2022-01-04","18:31:19",-67.532339,-68.082984,"2022-01-04 18:31:19","2022-01-04 15:31:19"
"KB_22_42952_24","Female","Killingbeck",2022,"2022-01-04","19:21:12",-67.442158,-67.974426,"2022-01-04 19:21:12","2022-01-04 16:21:12"
"KB_22_42952_24","Female","Killingbeck",2022,"2022-01-04","20:10:59",-67.445319,-67.975557,"2022-01-04 20:10:59","2022-01-04 17:10:59"
"KB_22_42952_24","Female","Killingbeck",2022,"2022-01-04","21:00:50",-67.445049,-67.975407,"2022-01-04 21:00:50","2022-01-04 18:00:50"
"KB_22_42952_24","Female","Killingbeck",2022,"2022-01-04","21:50:58",-67.444358,-67.976663,"2022-01-04 21:50:58","2022-01-04 18:50:58"
"KB_22_42952_24","Female","Killingbeck",2022,"2022-01-04","22:40:47",-67.569713,-68.066967,"2022-01-04 22:40:47","2022-01-04 19:40:47"
"KB_22_42952_24","Female","Killingbeck",2022,"2022-01-04","23:30:29",-67.570741,-68.069593,"2022-01-04 23:30:29","2022-01-04 20:30:29"
"KB_22_42952_24","Female","Killingbeck",2022,"2022-01-05","00:20:21",-67.57074,-68.069761,"2022-01-05 00:20:21","2022-01-04 21:20:21"
"KB_22_42952_24","Female","Killingbeck",2022,"2022-01-05","01:10:10",-67.570658,-68.069752,"2022-01-05 01:10:10","2022-01-04 22:10:10"
"KB_22_42952_24","Female","Killingbeck",2022,"2022-01-05","02:00:01",-67.570723,-68.069729,"2022-01-05 02:00:01","2022-01-04 23:00:01"
"KB_22_42952_24","Female","Killingbeck",2022,"2022-01-05","02:49:46",-67.571159,-68.070802,"2022-01-05 02:49:46","2022-01-04 23:49:46"
"KB_22_42952_24","Female","Killingbeck",2022,"2022-01-05","03:39:28",-67.570681,-68.069826,"2022-01-05 03:39:28","2022-01-05 00:39:28"
"KB_22_42952_24","Female","Killingbeck",2022,"2022-01-05","04:29:17",-67.570851,-68.070562,"2022-01-05 04:29:17","2022-01-05 01:29:17"
"KB_22_42952_24","Female","Killingbeck",2022,"2022-01-05","05:19:07",-67.571103,-68.069763,"2022-01-05 05:19:07","2022-01-05 02:19:07"
"KB_22_42952_24","Female","Killingbeck",2022,"2022-01-05","06:08:52",-67.572491,-68.076439,"2022-01-05 06:08:52","2022-01-05 03:08:52"
"KB_22_42952_24","Female","Killingbeck",2022,"2022-01-05","06:58:38",-67.444834,-67.976956,"2022-01-05 06:58:38","2022-01-05 03:58:38"
"KB_22_42952_24","Female","Killingbeck",2022,"2022-01-05","07:50:05",-67.443431,-67.97192,"2022-01-05 07:50:05","2022-01-05 04:50:05"
"KB_22_42952_24","Female","Killingbeck",2022,"2022-01-05","08:39:53",-67.441004,-67.972059,"2022-01-05 08:39:53","2022-01-05 05:39:53"
"KB_22_42952_24","Female","Killingbeck",2022,"2022-01-05","09:31:12",-67.444867,-67.97531,"2022-01-05 09:31:12","2022-01-05 06:31:12"
"KB_22_42952_24","Female","Killingbeck",2022,"2022-01-05","10:21:00",-67.545446,-68.078276,"2022-01-05 10:21:00","2022-01-05 07:21:00"
"KB_22_42952_24","Female","Killingbeck",2022,"2022-01-05","11:10:46",-67.570605,-68.069432,"2022-01-05 11:10:46","2022-01-05 08:10:46"
"KB_22_42952_24","Female","Killingbeck",2022,"2022-01-05","12:00:31",-67.570924,-68.069867,"2022-01-05 12:00:31","2022-01-05 09:00:31"
"KB_22_42952_24","Female","Killingbeck",2022,"2022-01-05","12:50:21",-67.570643,-68.069927,"2022-01-05 12:50:21","2022-01-05 09:50:21"
"KB_22_42952_24","Female","Killingbeck",2022,"2022-01-05","13:40:07",-67.570643,-68.069865,"2022-01-05 13:40:07","2022-01-05 10:40:07"
"KB_22_42952_24","Female","Killingbeck",2022,"2022-01-05","14:29:53",-67.570655,-68.069681,"2022-01-05 14:29:53","2022-01-05 11:29:53"
"KB_22_42952_24","Female","Killingbeck",2022,"2022-01-05","15:19:42",-67.570781,-68.069945,"2022-01-05 15:19:42","2022-01-05 12:19:42"
"KB_22_42952_24","Female","Killingbeck",2022,"2022-01-05","16:09:29",-67.507703,-68.034774,"2022-01-05 16:09:29","2022-01-05 13:09:29"
"KB_22_42952_24","Female","Killingbeck",2022,"2022-01-05","16:59:30",-67.445441,-67.97466,"2022-01-05 16:59:30","2022-01-05 13:59:30"
"KB_22_42952_24","Female","Killingbeck",2022,"2022-01-05","17:49:25",-67.444722,-67.975057,"2022-01-05 17:49:25","2022-01-05 14:49:25"
"KB_22_42955_21","Male","Killingbeck",2022,"2022-01-04","00:35:34",-67.569559,-68.067528,"2022-01-04 00:35:34","2022-01-03 21:35:34"
"KB_22_42955_21","Male","Killingbeck",2022,"2022-01-04","01:26:00",-67.570649,-68.069291,"2022-01-04 01:26:00","2022-01-03 22:26:00"
"KB_22_42955_21","Male","Killingbeck",2022,"2022-01-04","02:15:43",-67.570734,-68.069267,"2022-01-04 02:15:43","2022-01-03 23:15:43"
"KB_22_42955_21","Male","Killingbeck",2022,"2022-01-04","03:05:33",-67.57078,-68.069362,"2022-01-04 03:05:33","2022-01-04 00:05:33"
"KB_22_42955_21","Male","Killingbeck",2022,"2022-01-04","03:56:23",-67.570752,-68.069415,"2022-01-04 03:56:23","2022-01-04 00:56:23"
"KB_22_42955_21","Male","Killingbeck",2022,"2022-01-04","04:46:34",-67.570626,-68.06952,"2022-01-04 04:46:34","2022-01-04 01:46:34"
"KB_22_42955_21","Male","Killingbeck",2022,"2022-01-04","05:36:26",-67.570647,-68.06954,"2022-01-04 05:36:26","2022-01-04 02:36:26"
"KB_22_42955_21","Male","Killingbeck",2022,"2022-01-04","06:27:03",-67.572663,-68.073592,"2022-01-04 06:27:03","2022-01-04 03:27:03"
"KB_22_42955_21","Male","Killingbeck",2022,"2022-01-04","07:16:43",-67.570418,-68.069262,"2022-01-04 07:16:43","2022-01-04 04:16:43"
"KB_22_42955_21","Male","Killingbeck",2022,"2022-01-04","08:06:34",-67.570722,-68.069442,"2022-01-04 08:06:34","2022-01-04 05:06:34"
"KB_22_42955_21","Male","Killingbeck",2022,"2022-01-04","08:56:19",-67.57064,-68.069462,"2022-01-04 08:56:19","2022-01-04 05:56:19"
"KB_22_42955_21","Male","Killingbeck",2022,"2022-01-04","09:46:05",-67.570643,-68.069313,"2022-01-04 09:46:05","2022-01-04 06:46:05"
"KB_22_42955_21","Male","Killingbeck",2022,"2022-01-04","10:35:55",-67.570581,-68.069393,"2022-01-04 10:35:55","2022-01-04 07:35:55"
"KB_22_42955_21","Male","Killingbeck",2022,"2022-01-04","11:25:41",-67.570782,-68.069215,"2022-01-04 11:25:41","2022-01-04 08:25:41"
"KB_22_42955_21","Male","Killingbeck",2022,"2022-01-04","12:15:25",-67.570661,-68.069422,"2022-01-04 12:15:25","2022-01-04 09:15:25"
"KB_22_42955_21","Male","Killingbeck",2022,"2022-01-04","13:05:16",-67.57066,-68.069382,"2022-01-04 13:05:16","2022-01-04 10:05:16"
"KB_22_42955_21","Male","Killingbeck",2022,"2022-01-04","13:55:02",-67.570654,-68.069208,"2022-01-04 13:55:02","2022-01-04 10:55:02"
"KB_22_42955_21","Male","Killingbeck",2022,"2022-01-04","14:44:46",-67.570716,-68.069366,"2022-01-04 14:44:46","2022-01-04 11:44:46"
"KB_22_42955_21","Male","Killingbeck",2022,"2022-01-04","15:34:37",-67.570657,-68.069508,"2022-01-04 15:34:37","2022-01-04 12:34:37"
"KB_22_42955_21","Male","Killingbeck",2022,"2022-01-04","16:24:23",-67.570712,-68.069489,"2022-01-04 16:24:23","2022-01-04 13:24:23"
"KB_22_42955_21","Male","Killingbeck",2022,"2022-01-04","17:14:21",-67.570672,-68.069501,"2022-01-04 17:14:21","2022-01-04 14:14:21"
"KB_22_42955_21","Male","Killingbeck",2022,"2022-01-04","18:03:59",-67.570732,-68.069529,"2022-01-04 18:03:59","2022-01-04 15:03:59"
"KB_22_42955_21","Male","Killingbeck",2022,"2022-01-04","18:53:45",-67.570684,-68.069399,"2022-01-04 18:53:45","2022-01-04 15:53:45"
"KB_22_42955_21","Male","Killingbeck",2022,"2022-01-04","19:43:31",-67.570663,-68.069404,"2022-01-04 19:43:31","2022-01-04 16:43:31"
"KB_22_42955_21","Male","Killingbeck",2022,"2022-01-04","20:33:22",-67.570617,-68.069312,"2022-01-04 20:33:22","2022-01-04 17:33:22"
"KB_22_42955_21","Male","Killingbeck",2022,"2022-01-04","21:23:06",-67.568506,-68.075254,"2022-01-04 21:23:06","2022-01-04 18:23:06"
"KB_22_42955_21","Male","Killingbeck",2022,"2022-01-04","22:12:53",-67.571661,-68.068069,"2022-01-04 22:12:53","2022-01-04 19:12:53"
"KB_22_42955_21","Male","Killingbeck",2022,"2022-01-04","23:02:42",-67.57069,-68.069372,"2022-01-04 23:02:42","2022-01-04 20:02:42"
"KB_22_42955_21","Male","Killingbeck",2022,"2022-01-04","23:52:28",-67.55585,-67.817389,"2022-01-04 23:52:28","2022-01-04 20:52:28"
"KB_22_42955_21","Male","Killingbeck",2022,"2022-01-05","00:42:14",-67.555886,-67.817352,"2022-01-05 00:42:14","2022-01-04 21:42:14"
"KB_22_42955_21","Male","Killingbeck",2022,"2022-01-05","01:32:03",-67.570674,-68.069253,"2022-01-05 01:32:03","2022-01-04 22:32:03"
"KB_22_42955_21","Male","Killingbeck",2022,"2022-01-05","02:21:49",-67.570733,-68.069117,"2022-01-05 02:21:49","2022-01-04 23:21:49"
"KB_22_42955_21","Male","Killingbeck",2022,"2022-01-05","03:11:34",-67.570749,-68.069382,"2022-01-05 03:11:34","2022-01-05 00:11:34"
"KB_22_42955_21","Male","Killingbeck",2022,"2022-01-05","04:01:28",-67.570672,-68.06944,"2022-01-05 04:01:28","2022-01-05 01:01:28"
"KB_22_42955_21","Male","Killingbeck",2022,"2022-01-05","04:51:41",-67.57002,-67.945349,"2022-01-05 04:51:41","2022-01-05 01:51:41"
"KB_22_42955_21","Male","Killingbeck",2022,"2022-01-05","05:41:28",-67.574216,-67.830937,"2022-01-05 05:41:28","2022-01-05 02:41:28"
"KB_22_42955_21","Male","Killingbeck",2022,"2022-01-05","06:31:20",-67.574123,-67.830818,"2022-01-05 06:31:20","2022-01-05 03:31:20"
"KB_22_42955_21","Male","Killingbeck",2022,"2022-01-05","07:21:03",-67.573768,-67.840752,"2022-01-05 07:21:03","2022-01-05 04:21:03"
"KB_22_42955_21","Male","Killingbeck",2022,"2022-01-05","08:10:47",-67.574083,-67.830264,"2022-01-05 08:10:47","2022-01-05 05:10:47"
"KB_22_42955_21","Male","Killingbeck",2022,"2022-01-05","09:00:39",-67.574107,-67.830396,"2022-01-05 09:00:39","2022-01-05 06:00:39"
"KB_22_42955_21","Male","Killingbeck",2022,"2022-01-05","09:50:26",-67.570653,-68.069204,"2022-01-05 09:50:26","2022-01-05 06:50:26"
"KB_22_42955_21","Male","Killingbeck",2022,"2022-01-05","10:40:08",-67.570606,-68.069056,"2022-01-05 10:40:08","2022-01-05 07:40:08"
"KB_22_42955_21","Male","Killingbeck",2022,"2022-01-05","11:29:59",-67.570753,-68.069222,"2022-01-05 11:29:59","2022-01-05 08:29:59"
"KB_22_42955_21","Male","Killingbeck",2022,"2022-01-05","12:19:44",-67.570737,-68.069425,"2022-01-05 12:19:44","2022-01-05 09:19:44"
"KB_22_42955_21","Male","Killingbeck",2022,"2022-01-05","13:09:32",-67.570752,-68.069487,"2022-01-05 13:09:32","2022-01-05 10:09:32"
"KB_22_42955_21","Male","Killingbeck",2022,"2022-01-05","13:59:20",-67.570717,-68.069408,"2022-01-05 13:59:20","2022-01-05 10:59:20"
"KB_22_42955_21","Male","Killingbeck",2022,"2022-01-05","14:49:06",-67.570657,-68.069379,"2022-01-05 14:49:06","2022-01-05 11:49:06"
"KB_22_42955_21","Male","Killingbeck",2022,"2022-01-05","15:38:52",-67.570665,-68.069488,"2022-01-05 15:38:52","2022-01-05 12:38:52"
"KB_22_42955_21","Male","Killingbeck",2022,"2022-01-05","16:28:42",-67.570752,-68.069735,"2022-01-05 16:28:42","2022-01-05 13:28:42"
"KB_22_42955_21","Male","Killingbeck",2022,"2022-01-05","17:18:29",-67.570788,-68.069405,"2022-01-05 17:18:29","2022-01-05 14:18:29"
