"bird_id","status","sex","colony_coord","date_time","X","Y"
"KB_29","good","Male",c(-68.068935, -67.570716),"2022-01-06 00:03:47 UTC",-67.868745,-67.477225
"KB_29","good","Male",c(-68.068935, -67.570716),"2022-01-06 00:13:41 UTC",-67.637237,-67.439308
"KB_29","good","Male",c(-68.068935, -67.570716),"2022-01-06 00:23:41 UTC",-67.615306,-67.420771
"KB_29","good","Male",c(-68.068935, -67.570716),"2022-01-06 00:33:41 UTC",-67.615045,-67.420812
"KB_29","good","Male",c(-68.068935, -67.570716),"2022-01-06 00:43:40 UTC",-67.615105,-67.420788
"KB_29","good","Male",c(-68.068935, -67.570716),"2022-01-06 00:53:39 UTC",-67.608916,-67.416313
"KB_29","good","Male",c(-68.068935, -67.570716),"2022-01-06 01:03:43 UTC",-67.60288,-67.416491
"KB_29","good","Male",c(-68.068935, -67.570716),"2022-01-06 01:13:45 UTC",-67.614402,-67.420427
"KB_29","good","Male",c(-68.068935, -67.570716),"2022-01-06 01:23:44 UTC",-67.614373,-67.420496
"KB_29","good","Male",c(-68.068935, -67.570716),"2022-01-06 01:33:44 UTC",-67.614273,-67.420522
"KB_29","good","Male",c(-68.068935, -67.570716),"2022-01-06 01:43:44 UTC",-67.614158,-67.420519
"KB_29","good","Male",c(-68.068935, -67.570716),"2022-01-06 01:53:42 UTC",-67.6142,-67.420511
"KB_29","good","Male",c(-68.068935, -67.570716),"2022-01-06 02:03:42 UTC",-67.620793,-67.423817
"KB_29","good","Male",c(-68.068935, -67.570716),"2022-01-06 02:13:51 UTC",-67.61057,-67.418316
"KB_29","good","Male",c(-68.068935, -67.570716),"2022-01-06 02:23:41 UTC",-67.613089,-67.419306
"KB_29","good","Male",c(-68.068935, -67.570716),"2022-01-06 02:33:39 UTC",-67.613042,-67.4196
"KB_29","good","Male",c(-68.068935, -67.570716),"2022-01-06 02:43:40 UTC",-67.614356,-67.420616
"KB_29","good","Male",c(-68.068935, -67.570716),"2022-01-06 02:53:39 UTC",-67.61425,-67.420677
"KB_29","good","Male",c(-68.068935, -67.570716),"2022-01-06 03:03:37 UTC",-67.614357,-67.420584
"KB_29","good","Male",c(-68.068935, -67.570716),"2022-01-06 03:13:40 UTC",-67.614501,-67.420548
"KB_29","good","Male",c(-68.068935, -67.570716),"2022-01-06 03:23:40 UTC",-67.614475,-67.42056
"KB_29","good","Male",c(-68.068935, -67.570716),"2022-01-06 03:33:38 UTC",-67.614678,-67.420439
"KB_29","good","Male",c(-68.068935, -67.570716),"2022-01-06 03:43:48 UTC",-67.616966,-67.421553
"KB_29","good","Male",c(-68.068935, -67.570716),"2022-01-06 03:53:42 UTC",-67.620579,-67.422543
"KB_29","good","Male",c(-68.068935, -67.570716),"2022-01-06 04:03:39 UTC",-67.614555,-67.420448
"KB_29","good","Male",c(-68.068935, -67.570716),"2022-01-06 04:13:39 UTC",-67.614666,-67.420429
"KB_29","good","Male",c(-68.068935, -67.570716),"2022-01-06 04:23:38 UTC",-67.614624,-67.420431
"KB_29","good","Male",c(-68.068935, -67.570716),"2022-01-06 04:33:37 UTC",-67.614616,-67.420472
"KB_29","good","Male",c(-68.068935, -67.570716),"2022-01-06 04:44:14 UTC",-67.614425,-67.420159
"KB_29","good","Male",c(-68.068935, -67.570716),"2022-01-06 04:54:15 UTC",-67.611035,-67.417953
"KB_29","good","Male",c(-68.068935, -67.570716),"2022-01-06 05:04:15 UTC",-67.614575,-67.420411
"KB_29","good","Male",c(-68.068935, -67.570716),"2022-01-06 05:14:18 UTC",-67.614611,-67.420474
"KB_29","good","Male",c(-68.068935, -67.570716),"2022-01-06 05:24:10 UTC",-67.614694,-67.420498
"KB_29","good","Male",c(-68.068935, -67.570716),"2022-01-06 05:34:09 UTC",-67.616861,-67.420344
"KB_29","good","Male",c(-68.068935, -67.570716),"2022-01-06 05:44:03 UTC",-67.616145,-67.420664
"KB_29","good","Male",c(-68.068935, -67.570716),"2022-01-06 05:54:01 UTC",-67.615793,-67.420836
"KB_29","good","Male",c(-68.068935, -67.570716),"2022-01-06 06:04:03 UTC",-67.616109,-67.421373
"KB_29","good","Male",c(-68.068935, -67.570716),"2022-01-06 06:13:55 UTC",-67.617733,-67.422016
"KB_29","good","Male",c(-68.068935, -67.570716),"2022-01-06 06:23:56 UTC",-67.622419,-67.424028
"KB_29","good","Male",c(-68.068935, -67.570716),"2022-01-06 06:33:52 UTC",-67.779206,-67.465718
"KB_29","good","Male",c(-68.068935, -67.570716),"2022-01-06 06:43:46 UTC",-67.962835,-67.521971
"KB_29","good","Male",c(-68.068935, -67.570716),"2022-01-06 21:52:22 UTC",-68.018995,-67.536191
"KB_29","good","Male",c(-68.068935, -67.570716),"2022-01-06 22:02:20 UTC",-67.857422,-67.497745
"KB_29","good","Male",c(-68.068935, -67.570716),"2022-01-06 22:12:15 UTC",-67.66811,-67.462066
"KB_29","good","Male",c(-68.068935, -67.570716),"2022-01-06 22:22:46 UTC",-67.620689,-67.423216
"KB_29","good","Male",c(-68.068935, -67.570716),"2022-01-06 22:32:46 UTC",-67.614206,-67.420581
"KB_29","good","Male",c(-68.068935, -67.570716),"2022-01-06 22:42:40 UTC",-67.614381,-67.42052
"KB_29","good","Male",c(-68.068935, -67.570716),"2022-01-06 22:52:42 UTC",-67.614317,-67.420597
"KB_29","good","Male",c(-68.068935, -67.570716),"2022-01-06 23:02:38 UTC",-67.614352,-67.420608
"KB_29","good","Male",c(-68.068935, -67.570716),"2022-01-06 23:12:33 UTC",-67.615066,-67.4202
"KB_29","good","Male",c(-68.068935, -67.570716),"2022-01-06 23:22:31 UTC",-67.612901,-67.419845
"KB_29","good","Male",c(-68.068935, -67.570716),"2022-01-06 23:32:30 UTC",-67.612917,-67.419835
"KB_29","good","Male",c(-68.068935, -67.570716),"2022-01-06 23:42:24 UTC",-67.612988,-67.419807
"KB_29","good","Male",c(-68.068935, -67.570716),"2022-01-06 23:52:24 UTC",-67.612815,-67.419848
"KB_29","good","Male",c(-68.068935, -67.570716),"2022-01-05 00:08:28 UTC",-67.915787,-67.440287
"KB_29","good","Male",c(-68.068935, -67.570716),"2022-01-05 00:18:21 UTC",-67.915784,-67.440251
"KB_29","good","Male",c(-68.068935, -67.570716),"2022-01-05 00:28:21 UTC",-67.915754,-67.440237
"KB_29","good","Male",c(-68.068935, -67.570716),"2022-01-05 00:38:19 UTC",-67.915599,-67.440359
"KB_29","good","Male",c(-68.068935, -67.570716),"2022-01-05 00:49:05 UTC",-67.914623,-67.442407
"KB_29","good","Male",c(-68.068935, -67.570716),"2022-01-05 00:59:06 UTC",-67.925483,-67.440646
"KB_29","good","Male",c(-68.068935, -67.570716),"2022-01-05 01:09:05 UTC",-67.925497,-67.440645
"KB_29","good","Male",c(-68.068935, -67.570716),"2022-01-05 01:18:58 UTC",-67.925461,-67.440629
"KB_29","good","Male",c(-68.068935, -67.570716),"2022-01-05 01:29:05 UTC",-67.925165,-67.439972
"KB_29","good","Male",c(-68.068935, -67.570716),"2022-01-05 01:39:04 UTC",-67.926605,-67.440062
"KB_29","good","Male",c(-68.068935, -67.570716),"2022-01-05 01:48:58 UTC",-67.915507,-67.440192
"KB_29","good","Male",c(-68.068935, -67.570716),"2022-01-05 01:58:57 UTC",-67.915653,-67.440211
"KB_29","good","Male",c(-68.068935, -67.570716),"2022-01-05 02:08:56 UTC",-67.915689,-67.44024
"KB_29","good","Male",c(-68.068935, -67.570716),"2022-01-05 02:18:50 UTC",-67.913711,-67.441264
"KB_29","good","Male",c(-68.068935, -67.570716),"2022-01-05 02:28:51 UTC",-67.914101,-67.442243
"KB_29","good","Male",c(-68.068935, -67.570716),"2022-01-05 02:38:50 UTC",-67.913366,-67.44257
"KB_29","good","Male",c(-68.068935, -67.570716),"2022-01-05 02:48:43 UTC",-67.914342,-67.448243
"KB_29","good","Male",c(-68.068935, -67.570716),"2022-01-05 02:58:43 UTC",-67.913621,-67.451053
"KB_29","good","Male",c(-68.068935, -67.570716),"2022-01-05 03:08:41 UTC",-67.913491,-67.451075
"KB_29","good","Male",c(-68.068935, -67.570716),"2022-01-05 03:18:35 UTC",-67.913461,-67.451006
"KB_29","good","Male",c(-68.068935, -67.570716),"2022-01-05 03:28:34 UTC",-67.913491,-67.451044
"KB_29","good","Male",c(-68.068935, -67.570716),"2022-01-05 03:39:05 UTC",-67.913143,-67.45122
"KB_29","good","Male",c(-68.068935, -67.570716),"2022-01-05 03:48:58 UTC",-67.917543,-67.453157
"KB_29","good","Male",c(-68.068935, -67.570716),"2022-01-05 03:59:00 UTC",-67.917496,-67.453238
"KB_29","good","Male",c(-68.068935, -67.570716),"2022-01-05 04:08:56 UTC",-67.916261,-67.453266
"KB_29","good","Male",c(-68.068935, -67.570716),"2022-01-05 04:18:51 UTC",-67.95481,-67.467949
"KB_29","good","Male",c(-68.068935, -67.570716),"2022-01-05 04:28:50 UTC",-68.049298,-67.542877
"KB_19","good","Male",c(-68.068935, -67.570716),"2022-01-04 01:46:55 UTC",-67.991949,-67.480473
"KB_19","good","Male",c(-68.068935, -67.570716),"2022-01-04 01:57:40 UTC",-67.94854,-67.452143
"KB_19","good","Male",c(-68.068935, -67.570716),"2022-01-04 02:07:40 UTC",-67.933839,-67.445396
"KB_19","good","Male",c(-68.068935, -67.570716),"2022-01-04 02:17:37 UTC",-67.934117,-67.44539
"KB_19","good","Male",c(-68.068935, -67.570716),"2022-01-04 02:27:36 UTC",-67.934205,-67.445354
"KB_19","good","Male",c(-68.068935, -67.570716),"2022-01-04 02:37:35 UTC",-67.933727,-67.445584
"KB_19","good","Male",c(-68.068935, -67.570716),"2022-01-04 02:47:31 UTC",-67.933731,-67.445619
"KB_19","good","Male",c(-68.068935, -67.570716),"2022-01-04 02:57:27 UTC",-67.933509,-67.445509
"KB_19","good","Male",c(-68.068935, -67.570716),"2022-01-04 03:07:27 UTC",-67.935146,-67.445626
"KB_19","good","Male",c(-68.068935, -67.570716),"2022-01-04 03:17:23 UTC",-67.933699,-67.444901
"KB_19","good","Male",c(-68.068935, -67.570716),"2022-01-04 03:27:21 UTC",-67.934503,-67.446301
"KB_19","good","Male",c(-68.068935, -67.570716),"2022-01-04 03:37:20 UTC",-67.934508,-67.446224
"KB_19","good","Male",c(-68.068935, -67.570716),"2022-01-04 03:48:19 UTC",-67.940044,-67.447152
"KB_19","good","Male",c(-68.068935, -67.570716),"2022-01-04 03:58:16 UTC",-67.936259,-67.446677
"KB_19","good","Male",c(-68.068935, -67.570716),"2022-01-04 04:08:18 UTC",-67.933809,-67.444809
"KB_19","good","Male",c(-68.068935, -67.570716),"2022-01-04 04:18:11 UTC",-67.933487,-67.445638
"KB_19","good","Male",c(-68.068935, -67.570716),"2022-01-04 04:28:10 UTC",-67.93332,-67.445443
"KB_19","good","Male",c(-68.068935, -67.570716),"2022-01-04 04:38:09 UTC",-67.93329,-67.445483
"KB_19","good","Male",c(-68.068935, -67.570716),"2022-01-04 04:48:03 UTC",-67.933323,-67.445486
"KB_19","good","Male",c(-68.068935, -67.570716),"2022-01-04 04:58:02 UTC",-67.933358,-67.445572
"KB_19","good","Male",c(-68.068935, -67.570716),"2022-01-04 05:08:01 UTC",-67.932953,-67.444034
"KB_19","good","Male",c(-68.068935, -67.570716),"2022-01-04 05:17:58 UTC",-67.93273,-67.444947
"KB_19","good","Male",c(-68.068935, -67.570716),"2022-01-04 05:27:57 UTC",-67.93275,-67.44498
"KB_19","good","Male",c(-68.068935, -67.570716),"2022-01-04 05:37:56 UTC",-67.932767,-67.445131
"KB_19","good","Male",c(-68.068935, -67.570716),"2022-01-04 05:47:50 UTC",-67.932896,-67.444836
"KB_19","good","Male",c(-68.068935, -67.570716),"2022-01-04 05:57:50 UTC",-67.935233,-67.445307
"KB_19","good","Male",c(-68.068935, -67.570716),"2022-01-04 06:07:51 UTC",-67.933401,-67.444389
"KB_19","good","Male",c(-68.068935, -67.570716),"2022-01-04 06:17:44 UTC",-67.940665,-67.447694
"KB_19","good","Male",c(-68.068935, -67.570716),"2022-01-04 06:29:10 UTC",-67.938994,-67.447502
"KB_19","good","Male",c(-68.068935, -67.570716),"2022-01-04 06:38:59 UTC",-67.952881,-67.456678
"KB_19","good","Male",c(-68.068935, -67.570716),"2022-01-04 06:49:00 UTC",-67.953056,-67.45383
"KB_19","good","Male",c(-68.068935, -67.570716),"2022-01-04 06:58:58 UTC",-67.952771,-67.4543
"KB_19","good","Male",c(-68.068935, -67.570716),"2022-01-04 07:08:58 UTC",-67.953609,-67.454658
"KB_19","good","Male",c(-68.068935, -67.570716),"2022-01-04 07:19:44 UTC",-67.953988,-67.455505
"KB_19","good","Male",c(-68.068935, -67.570716),"2022-01-04 07:29:42 UTC",-67.95471,-67.459722
"KB_19","good","Male",c(-68.068935, -67.570716),"2022-01-04 07:39:41 UTC",-67.954723,-67.459649
"KB_19","good","Male",c(-68.068935, -67.570716),"2022-01-04 07:49:37 UTC",-67.954568,-67.459799
"KB_19","good","Male",c(-68.068935, -67.570716),"2022-01-04 07:59:36 UTC",-67.954576,-67.459819
"KB_19","good","Male",c(-68.068935, -67.570716),"2022-01-04 08:09:34 UTC",-67.97052,-67.469145
"KB_19","good","Male",c(-68.068935, -67.570716),"2022-01-04 08:19:28 UTC",-67.970247,-67.469024
"KB_19","good","Male",c(-68.068935, -67.570716),"2022-01-04 08:29:27 UTC",-68.002418,-67.489433
"KB_19","good","Male",c(-68.068935, -67.570716),"2022-01-05 01:15:00 UTC",-68.006195,-67.486669
"KB_19","good","Male",c(-68.068935, -67.570716),"2022-01-05 01:24:59 UTC",-67.952572,-67.453352
"KB_19","good","Male",c(-68.068935, -67.570716),"2022-01-05 01:35:01 UTC",-67.951413,-67.452925
"KB_19","good","Male",c(-68.068935, -67.570716),"2022-01-05 01:45:03 UTC",-67.954016,-67.449939
"KB_19","good","Male",c(-68.068935, -67.570716),"2022-01-05 01:55:03 UTC",-67.954054,-67.449899
"KB_19","good","Male",c(-68.068935, -67.570716),"2022-01-05 02:05:01 UTC",-67.954013,-67.449983
"KB_19","good","Male",c(-68.068935, -67.570716),"2022-01-05 02:15:00 UTC",-67.954634,-67.450249
"KB_19","good","Male",c(-68.068935, -67.570716),"2022-01-05 02:25:00 UTC",-67.95793,-67.450848
"KB_19","good","Male",c(-68.068935, -67.570716),"2022-01-05 02:35:18 UTC",-67.957985,-67.452749
"KB_19","good","Male",c(-68.068935, -67.570716),"2022-01-05 02:45:23 UTC",-67.958675,-67.452887
"KB_19","good","Male",c(-68.068935, -67.570716),"2022-01-05 02:55:22 UTC",-67.95863,-67.452848
"KB_19","good","Male",c(-68.068935, -67.570716),"2022-01-05 03:05:29 UTC",-67.959097,-67.452858
"KB_19","good","Male",c(-68.068935, -67.570716),"2022-01-05 03:15:13 UTC",-67.958579,-67.452804
"KB_19","good","Male",c(-68.068935, -67.570716),"2022-01-05 03:25:15 UTC",-67.959107,-67.4529
"KB_19","good","Male",c(-68.068935, -67.570716),"2022-01-05 03:35:11 UTC",-67.958694,-67.452767
"KB_19","good","Male",c(-68.068935, -67.570716),"2022-01-05 03:45:08 UTC",-67.958704,-67.452896
"KB_19","good","Male",c(-68.068935, -67.570716),"2022-01-05 03:55:08 UTC",-67.958671,-67.452944
"KB_19","good","Male",c(-68.068935, -67.570716),"2022-01-05 04:05:04 UTC",-67.958712,-67.452812
"KB_19","good","Male",c(-68.068935, -67.570716),"2022-01-05 04:15:00 UTC",-67.958153,-67.452111
"KB_19","good","Male",c(-68.068935, -67.570716),"2022-01-05 04:25:02 UTC",-67.95822,-67.449822
"KB_19","good","Male",c(-68.068935, -67.570716),"2022-01-05 04:34:58 UTC",-67.948535,-67.451532
"KB_19","good","Male",c(-68.068935, -67.570716),"2022-01-05 04:44:56 UTC",-67.953511,-67.455123
"KB_19","good","Male",c(-68.068935, -67.570716),"2022-01-05 04:55:12 UTC",-67.958284,-67.453104
"KB_19","good","Male",c(-68.068935, -67.570716),"2022-01-05 05:05:12 UTC",-67.958441,-67.454047
"KB_19","good","Male",c(-68.068935, -67.570716),"2022-01-05 05:15:17 UTC",-67.959232,-67.45445
"KB_19","good","Male",c(-68.068935, -67.570716),"2022-01-05 05:25:15 UTC",-67.958335,-67.454908
"KB_19","good","Male",c(-68.068935, -67.570716),"2022-01-05 05:35:14 UTC",-67.957628,-67.455187
"KB_19","good","Male",c(-68.068935, -67.570716),"2022-01-05 05:45:11 UTC",-67.965609,-67.456995
"KB_19","good","Male",c(-68.068935, -67.570716),"2022-01-05 05:55:11 UTC",-67.965912,-67.456941
"KB_19","good","Male",c(-68.068935, -67.570716),"2022-01-05 06:05:09 UTC",-67.964954,-67.457069
"KB_19","good","Male",c(-68.068935, -67.570716),"2022-01-05 06:15:03 UTC",-67.965793,-67.456997
"KB_19","good","Male",c(-68.068935, -67.570716),"2022-01-05 06:25:02 UTC",-67.96579,-67.457008
"KB_19","good","Male",c(-68.068935, -67.570716),"2022-01-05 06:35:43 UTC",-67.95077,-67.452811
"KB_19","good","Male",c(-68.068935, -67.570716),"2022-01-05 06:45:39 UTC",-67.949395,-67.450717
"KB_19","good","Male",c(-68.068935, -67.570716),"2022-01-05 06:55:39 UTC",-67.935119,-67.445721
"KB_19","good","Male",c(-68.068935, -67.570716),"2022-01-05 07:05:37 UTC",-67.952919,-67.454673
"KB_19","good","Male",c(-68.068935, -67.570716),"2022-01-05 07:17:53 UTC",-67.954188,-67.456179
"KB_19","good","Male",c(-68.068935, -67.570716),"2022-01-05 07:27:53 UTC",-67.954479,-67.456722
"KB_19","good","Male",c(-68.068935, -67.570716),"2022-01-05 07:37:52 UTC",-67.951983,-67.45373
"KB_19","good","Male",c(-68.068935, -67.570716),"2022-01-05 07:47:56 UTC",-67.952541,-67.454174
"KB_19","good","Male",c(-68.068935, -67.570716),"2022-01-05 07:57:55 UTC",-67.996051,-67.478029
"KB_19","good","Male",c(-68.068935, -67.570716),"2022-01-06 01:53:14 UTC",-68.045576,-67.538461
"KB_19","good","Male",c(-68.068935, -67.570716),"2022-01-06 02:03:13 UTC",-67.975104,-67.471529
"KB_19","good","Male",c(-68.068935, -67.570716),"2022-01-06 02:13:09 UTC",-67.957692,-67.45297
"KB_19","good","Male",c(-68.068935, -67.570716),"2022-01-06 02:23:08 UTC",-67.95835,-67.452919
"KB_19","good","Male",c(-68.068935, -67.570716),"2022-01-06 02:33:07 UTC",-67.9096,-67.441626
"KB_19","good","Male",c(-68.068935, -67.570716),"2022-01-06 02:43:23 UTC",-67.904788,-67.450657
"KB_19","good","Male",c(-68.068935, -67.570716),"2022-01-06 02:53:43 UTC",-67.904626,-67.448031
"KB_19","good","Male",c(-68.068935, -67.570716),"2022-01-06 03:03:42 UTC",-67.923143,-67.43857
"KB_19","good","Male",c(-68.068935, -67.570716),"2022-01-06 03:13:37 UTC",-67.915202,-67.441302
"KB_19","good","Male",c(-68.068935, -67.570716),"2022-01-06 03:23:36 UTC",-67.915334,-67.441782
"KB_19","good","Male",c(-68.068935, -67.570716),"2022-01-06 03:33:36 UTC",-67.915246,-67.441328
"KB_19","good","Male",c(-68.068935, -67.570716),"2022-01-06 03:43:36 UTC",-67.915399,-67.441324
"KB_19","good","Male",c(-68.068935, -67.570716),"2022-01-06 03:53:35 UTC",-67.915249,-67.441361
"KB_19","good","Male",c(-68.068935, -67.570716),"2022-01-06 04:03:34 UTC",-67.914477,-67.441261
"KB_19","good","Male",c(-68.068935, -67.570716),"2022-01-06 04:13:37 UTC",-67.914684,-67.441144
"KB_19","good","Male",c(-68.068935, -67.570716),"2022-01-06 04:23:36 UTC",-67.913432,-67.442464
"KB_19","good","Male",c(-68.068935, -67.570716),"2022-01-06 04:33:34 UTC",-67.91459,-67.446382
"KB_19","good","Male",c(-68.068935, -67.570716),"2022-01-06 04:43:35 UTC",-67.91471,-67.446528
"KB_19","good","Male",c(-68.068935, -67.570716),"2022-01-06 04:53:34 UTC",-67.914637,-67.446561
"KB_19","good","Male",c(-68.068935, -67.570716),"2022-01-06 05:03:34 UTC",-67.914705,-67.446556
"KB_19","good","Male",c(-68.068935, -67.570716),"2022-01-06 05:13:27 UTC",-67.914432,-67.446523
"KB_19","good","Male",c(-68.068935, -67.570716),"2022-01-06 05:23:27 UTC",-67.914689,-67.446614
"KB_19","good","Male",c(-68.068935, -67.570716),"2022-01-06 05:33:26 UTC",-67.914385,-67.44658
"KB_19","good","Male",c(-68.068935, -67.570716),"2022-01-06 05:43:20 UTC",-67.914504,-67.44651
"KB_19","good","Male",c(-68.068935, -67.570716),"2022-01-06 05:53:19 UTC",-67.913313,-67.446017
"KB_19","good","Male",c(-68.068935, -67.570716),"2022-01-06 06:03:18 UTC",-67.913862,-67.446753
"KB_19","good","Male",c(-68.068935, -67.570716),"2022-01-06 06:13:35 UTC",-67.914498,-67.447548
"KB_19","good","Male",c(-68.068935, -67.570716),"2022-01-06 06:23:33 UTC",-67.913461,-67.447457
"KB_19","good","Male",c(-68.068935, -67.570716),"2022-01-06 06:33:32 UTC",-67.913669,-67.450985
"KB_19","good","Male",c(-68.068935, -67.570716),"2022-01-06 06:43:26 UTC",-67.913793,-67.45083
"KB_19","good","Male",c(-68.068935, -67.570716),"2022-01-06 06:53:25 UTC",-67.913739,-67.450986
"KB_19","good","Male",c(-68.068935, -67.570716),"2022-01-06 07:04:05 UTC",-67.910701,-67.452884
"KB_19","good","Male",c(-68.068935, -67.570716),"2022-01-06 07:14:19 UTC",-67.948557,-67.463679
"KB_19","good","Male",c(-68.068935, -67.570716),"2022-01-06 07:24:18 UTC",-68.005615,-67.487102
"KB_27","good","Female",c(-68.068935, -67.570716),"2022-01-04 00:12:48 UTC",0,0
"KB_17","good","Male",c(-68.068935, -67.570716),"2022-01-04 10:26:41 UTC",-68.057465,-67.543733
"KB_17","good","Male",c(-68.068935, -67.570716),"2022-01-04 10:36:39 UTC",-68.033538,-67.534006
"KB_17","good","Male",c(-68.068935, -67.570716),"2022-01-04 10:46:33 UTC",-68.03125,-67.533275
"KB_17","good","Male",c(-68.068935, -67.570716),"2022-01-04 10:56:41 UTC",-68.03423,-67.52557
"KB_17","good","Male",c(-68.068935, -67.570716),"2022-01-04 11:06:32 UTC",-68.020013,-67.509511
"KB_17","good","Male",c(-68.068935, -67.570716),"2022-01-04 11:16:27 UTC",-68.00905,-67.509057
"KB_17","good","Male",c(-68.068935, -67.570716),"2022-01-04 11:27:31 UTC",-68.003689,-67.508199
"KB_17","good","Male",c(-68.068935, -67.570716),"2022-01-04 11:37:30 UTC",-67.987625,-67.491742
"KB_17","good","Male",c(-68.068935, -67.570716),"2022-01-04 11:47:24 UTC",-67.868866,-67.407269
"KB_17","good","Male",c(-68.068935, -67.570716),"2022-01-04 11:57:23 UTC",-67.811081,-67.307761
"KB_17","good","Male",c(-68.068935, -67.570716),"2022-01-04 12:07:22 UTC",-67.803743,-67.284585
"KB_17","good","Male",c(-68.068935, -67.570716),"2022-01-04 12:19:40 UTC",-67.801071,-67.286078
"KB_17","good","Male",c(-68.068935, -67.570716),"2022-01-04 12:29:53 UTC",-67.80131,-67.286024
"KB_17","good","Male",c(-68.068935, -67.570716),"2022-01-04 12:39:43 UTC",-67.800427,-67.285917
"KB_17","good","Male",c(-68.068935, -67.570716),"2022-01-04 12:49:38 UTC",-67.799963,-67.286026
"KB_17","good","Male",c(-68.068935, -67.570716),"2022-01-04 12:59:37 UTC",-67.801383,-67.286324
"KB_17","good","Male",c(-68.068935, -67.570716),"2022-01-04 13:09:36 UTC",-67.800747,-67.286261
"KB_17","good","Male",c(-68.068935, -67.570716),"2022-01-04 13:21:53 UTC",-67.799551,-67.286346
"KB_17","good","Male",c(-68.068935, -67.570716),"2022-01-04 13:31:53 UTC",-67.768136,-67.288651
"KB_17","good","Male",c(-68.068935, -67.570716),"2022-01-04 13:41:52 UTC",-67.769133,-67.288747
"KB_17","good","Male",c(-68.068935, -67.570716),"2022-01-04 13:51:45 UTC",-67.768668,-67.288674
"KB_17","good","Male",c(-68.068935, -67.570716),"2022-01-04 14:01:46 UTC",-67.769211,-67.288638
"KB_17","good","Male",c(-68.068935, -67.570716),"2022-01-04 14:11:54 UTC",-67.769004,-67.288617
"KB_17","good","Male",c(-68.068935, -67.570716),"2022-01-04 14:21:41 UTC",-67.768877,-67.288642
"KB_17","good","Male",c(-68.068935, -67.570716),"2022-01-04 14:31:40 UTC",-67.769389,-67.288725
"KB_17","good","Male",c(-68.068935, -67.570716),"2022-01-04 14:41:36 UTC",-67.768968,-67.288886
"KB_17","good","Male",c(-68.068935, -67.570716),"2022-01-04 14:51:31 UTC",-67.769083,-67.288929
"KB_17","good","Male",c(-68.068935, -67.570716),"2022-01-04 15:01:38 UTC",-67.76877,-67.288836
"KB_17","good","Male",c(-68.068935, -67.570716),"2022-01-04 15:13:19 UTC",-67.795839,-67.285903
"KB_17","good","Male",c(-68.068935, -67.570716),"2022-01-04 15:23:12 UTC",-67.803508,-67.286042
"KB_17","good","Male",c(-68.068935, -67.570716),"2022-01-04 15:33:14 UTC",-67.8043,-67.28593
"KB_17","good","Male",c(-68.068935, -67.570716),"2022-01-04 15:43:28 UTC",-67.8014,-67.286933
"KB_17","good","Male",c(-68.068935, -67.570716),"2022-01-04 15:55:57 UTC",-67.803463,-67.286473
"KB_17","good","Male",c(-68.068935, -67.570716),"2022-01-04 16:06:01 UTC",-67.804693,-67.287619
"KB_17","good","Male",c(-68.068935, -67.570716),"2022-01-04 16:15:57 UTC",-67.841233,-67.3344
"KB_17","good","Male",c(-68.068935, -67.570716),"2022-01-04 16:25:51 UTC",-67.911971,-67.411541
"KB_17","good","Male",c(-68.068935, -67.570716),"2022-01-04 16:35:52 UTC",-67.970654,-67.469236
"KB_17","good","Male",c(-68.068935, -67.570716),"2022-01-04 16:45:52 UTC",-67.970686,-67.469215
"KB_17","good","Male",c(-68.068935, -67.570716),"2022-01-04 16:55:44 UTC",-68.032886,-67.513791
"KB_17","good","Male",c(-68.068935, -67.570716),"2022-01-04 17:05:43 UTC",-68.044044,-67.526793
"KB_17","good","Male",c(-68.068935, -67.570716),"2022-01-05 11:07:12 UTC",-68.030958,-67.533613
"KB_17","good","Male",c(-68.068935, -67.570716),"2022-01-05 11:19:37 UTC",-68.027292,-67.531265
"KB_17","good","Male",c(-68.068935, -67.570716),"2022-01-05 11:29:31 UTC",-67.961784,-67.47778
"KB_17","good","Male",c(-68.068935, -67.570716),"2022-01-05 11:39:31 UTC",-67.830355,-67.388541
"KB_17","good","Male",c(-68.068935, -67.570716),"2022-01-05 11:49:30 UTC",-67.795575,-67.295249
"KB_17","good","Male",c(-68.068935, -67.570716),"2022-01-05 11:59:27 UTC",-67.803203,-67.286201
"KB_17","good","Male",c(-68.068935, -67.570716),"2022-01-05 12:09:23 UTC",-67.806812,-67.28527
"KB_17","good","Male",c(-68.068935, -67.570716),"2022-01-05 12:22:21 UTC",-67.805578,-67.285205
"KB_17","good","Male",c(-68.068935, -67.570716),"2022-01-05 12:33:04 UTC",-67.803877,-67.285538
"KB_17","good","Male",c(-68.068935, -67.570716),"2022-01-05 12:43:03 UTC",-67.811564,-67.275879
"KB_17","good","Male",c(-68.068935, -67.570716),"2022-01-05 12:53:04 UTC",-67.811651,-67.2759
"KB_17","good","Male",c(-68.068935, -67.570716),"2022-01-05 13:02:58 UTC",-67.811734,-67.275902
"KB_17","good","Male",c(-68.068935, -67.570716),"2022-01-05 13:12:57 UTC",-67.811664,-67.27589
"KB_17","good","Male",c(-68.068935, -67.570716),"2022-01-05 13:22:56 UTC",-67.811649,-67.275949
"KB_17","good","Male",c(-68.068935, -67.570716),"2022-01-05 13:32:50 UTC",-67.81178,-67.275876
"KB_17","good","Male",c(-68.068935, -67.570716),"2022-01-05 13:43:54 UTC",-67.811953,-67.278021
"KB_17","good","Male",c(-68.068935, -67.570716),"2022-01-05 13:53:53 UTC",-67.813008,-67.278343
"KB_17","good","Male",c(-68.068935, -67.570716),"2022-01-05 14:03:48 UTC",-67.81008,-67.279428
"KB_17","good","Male",c(-68.068935, -67.570716),"2022-01-05 14:14:13 UTC",-67.808508,-67.280523
"KB_17","good","Male",c(-68.068935, -67.570716),"2022-01-05 14:24:54 UTC",-67.804405,-67.28587
"KB_17","good","Male",c(-68.068935, -67.570716),"2022-01-05 14:34:49 UTC",-67.801822,-67.285953
"KB_17","good","Male",c(-68.068935, -67.570716),"2022-01-05 14:44:50 UTC",-67.800275,-67.286443
"KB_17","good","Male",c(-68.068935, -67.570716),"2022-01-05 14:54:47 UTC",-67.799405,-67.286259
"KB_17","good","Male",c(-68.068935, -67.570716),"2022-01-05 15:04:41 UTC",-67.800009,-67.285987
"KB_17","good","Male",c(-68.068935, -67.570716),"2022-01-05 15:14:39 UTC",-67.820353,-67.262882
"KB_17","good","Male",c(-68.068935, -67.570716),"2022-01-05 15:24:39 UTC",-67.815479,-67.259201
"KB_17","good","Male",c(-68.068935, -67.570716),"2022-01-05 15:34:34 UTC",-67.808,-67.255613
"KB_17","good","Male",c(-68.068935, -67.570716),"2022-01-05 15:44:33 UTC",-67.817316,-67.276515
"KB_17","good","Male",c(-68.068935, -67.570716),"2022-01-05 15:54:34 UTC",-67.813362,-67.277537
"KB_17","good","Male",c(-68.068935, -67.570716),"2022-01-05 16:04:26 UTC",-67.806478,-67.283536
"KB_17","good","Male",c(-68.068935, -67.570716),"2022-01-05 16:14:24 UTC",-67.805516,-67.284549
"KB_17","good","Male",c(-68.068935, -67.570716),"2022-01-05 16:24:32 UTC",-67.804452,-67.285449
"KB_17","good","Male",c(-68.068935, -67.570716),"2022-01-05 16:34:28 UTC",-67.80115,-67.287032
"KB_17","good","Male",c(-68.068935, -67.570716),"2022-01-05 16:44:25 UTC",-67.800416,-67.287272
"KB_17","good","Male",c(-68.068935, -67.570716),"2022-01-05 16:54:24 UTC",-67.800464,-67.28638
"KB_17","good","Male",c(-68.068935, -67.570716),"2022-01-05 17:04:18 UTC",-67.805961,-67.285901
"KB_17","good","Male",c(-68.068935, -67.570716),"2022-01-05 17:14:17 UTC",-67.803503,-67.286074
"KB_17","good","Male",c(-68.068935, -67.570716),"2022-01-05 17:24:17 UTC",-67.805038,-67.285744
"KB_17","good","Male",c(-68.068935, -67.570716),"2022-01-05 17:36:34 UTC",-67.806858,-67.285533
"KB_17","good","Male",c(-68.068935, -67.570716),"2022-01-05 17:46:32 UTC",-67.805502,-67.28592
"KB_17","good","Male",c(-68.068935, -67.570716),"2022-01-05 17:56:31 UTC",-67.803531,-67.286677
"KB_17","good","Male",c(-68.068935, -67.570716),"2022-01-05 18:06:25 UTC",-67.806375,-67.286207
"KB_17","good","Male",c(-68.068935, -67.570716),"2022-01-05 18:16:24 UTC",-67.806102,-67.28666
"KB_17","good","Male",c(-68.068935, -67.570716),"2022-01-05 18:26:23 UTC",-67.802405,-67.290206
"KB_17","good","Male",c(-68.068935, -67.570716),"2022-01-05 18:36:17 UTC",-67.856956,-67.372767
"KB_17","good","Male",c(-68.068935, -67.570716),"2022-01-05 18:46:15 UTC",-67.946738,-67.447068
"KB_17","good","Male",c(-68.068935, -67.570716),"2022-01-05 18:56:17 UTC",-68.050791,-67.524762
"KB_17","good","Male",c(-68.068935, -67.570716),"2022-01-06 13:23:50 UTC",-68.052874,-67.535388
"KB_17","good","Male",c(-68.068935, -67.570716),"2022-01-06 13:33:50 UTC",-68.017989,-67.502205
"KB_17","good","Male",c(-68.068935, -67.570716),"2022-01-06 13:43:50 UTC",-67.938871,-67.446164
"KB_17","good","Male",c(-68.068935, -67.570716),"2022-01-06 13:53:48 UTC",-67.84703,-67.38521
"KB_17","good","Male",c(-68.068935, -67.570716),"2022-01-06 14:03:48 UTC",-67.793977,-67.319497
"KB_17","good","Male",c(-68.068935, -67.570716),"2022-01-06 14:13:47 UTC",-67.800809,-67.286997
"KB_17","good","Male",c(-68.068935, -67.570716),"2022-01-06 14:23:51 UTC",-67.768909,-67.288729
"KB_17","good","Male",c(-68.068935, -67.570716),"2022-01-06 14:33:50 UTC",-67.769008,-67.288775
"KB_17","good","Male",c(-68.068935, -67.570716),"2022-01-06 14:43:52 UTC",-67.769068,-67.288783
"KB_17","good","Male",c(-68.068935, -67.570716),"2022-01-06 14:54:04 UTC",-67.768695,-67.288618
"KB_17","good","Male",c(-68.068935, -67.570716),"2022-01-06 15:03:48 UTC",-67.797859,-67.286491
"KB_17","good","Male",c(-68.068935, -67.570716),"2022-01-06 15:13:46 UTC",-67.803877,-67.286853
"KB_17","good","Male",c(-68.068935, -67.570716),"2022-01-06 15:23:51 UTC",-67.804201,-67.286667
"KB_17","good","Male",c(-68.068935, -67.570716),"2022-01-06 15:33:50 UTC",-67.803473,-67.28598
"KB_17","good","Male",c(-68.068935, -67.570716),"2022-01-06 15:46:03 UTC",-67.806714,-67.285076
"KB_17","good","Male",c(-68.068935, -67.570716),"2022-01-06 15:56:53 UTC",-67.800135,-67.286405
"KB_17","good","Male",c(-68.068935, -67.570716),"2022-01-06 16:06:55 UTC",-67.798302,-67.287611
"KB_17","good","Male",c(-68.068935, -67.570716),"2022-01-06 16:16:53 UTC",-67.801327,-67.286208
"KB_17","good","Male",c(-68.068935, -67.570716),"2022-01-06 16:26:54 UTC",-67.799278,-67.287177
"KB_17","good","Male",c(-68.068935, -67.570716),"2022-01-06 16:36:57 UTC",-67.798793,-67.287833
"KB_17","good","Male",c(-68.068935, -67.570716),"2022-01-06 16:48:04 UTC",-67.803561,-67.285712
"KB_17","good","Male",c(-68.068935, -67.570716),"2022-01-06 16:58:02 UTC",-67.801863,-67.286133
"KB_17","good","Male",c(-68.068935, -67.570716),"2022-01-06 17:07:56 UTC",-67.801985,-67.286246
"KB_17","good","Male",c(-68.068935, -67.570716),"2022-01-06 17:17:57 UTC",-67.802328,-67.285812
"KB_17","good","Male",c(-68.068935, -67.570716),"2022-01-06 17:27:58 UTC",-67.801732,-67.286382
"KB_17","good","Male",c(-68.068935, -67.570716),"2022-01-06 17:37:54 UTC",-67.801975,-67.286582
"KB_17","good","Male",c(-68.068935, -67.570716),"2022-01-06 17:47:51 UTC",-67.803573,-67.286368
"KB_17","good","Male",c(-68.068935, -67.570716),"2022-01-06 17:58:18 UTC",-67.808181,-67.283732
"KB_17","good","Male",c(-68.068935, -67.570716),"2022-01-06 18:10:17 UTC",-67.806324,-67.285142
"KB_17","good","Male",c(-68.068935, -67.570716),"2022-01-06 18:20:19 UTC",-67.802707,-67.286377
"KB_17","good","Male",c(-68.068935, -67.570716),"2022-01-06 18:30:16 UTC",-67.799592,-67.286189
"KB_17","good","Male",c(-68.068935, -67.570716),"2022-01-06 18:40:50 UTC",-67.801931,-67.286676
"KB_17","good","Male",c(-68.068935, -67.570716),"2022-01-06 18:53:24 UTC",-67.806971,-67.283827
"KB_17","good","Male",c(-68.068935, -67.570716),"2022-01-06 19:06:19 UTC",-67.806857,-67.285268
"KB_17","good","Male",c(-68.068935, -67.570716),"2022-01-06 19:16:14 UTC",-67.804799,-67.285151
"KB_17","good","Male",c(-68.068935, -67.570716),"2022-01-06 19:26:13 UTC",-67.806261,-67.285049
"KB_17","good","Male",c(-68.068935, -67.570716),"2022-01-06 19:36:13 UTC",-67.806591,-67.284258
"KB_17","good","Male",c(-68.068935, -67.570716),"2022-01-06 19:46:07 UTC",-67.806772,-67.284103
"KB_17","good","Male",c(-68.068935, -67.570716),"2022-01-06 19:56:07 UTC",-67.804198,-67.2852
"KB_17","good","Male",c(-68.068935, -67.570716),"2022-01-06 20:06:04 UTC",-67.803769,-67.285773
"KB_17","good","Male",c(-68.068935, -67.570716),"2022-01-06 20:17:20 UTC",-67.801653,-67.284998
"KB_17","good","Male",c(-68.068935, -67.570716),"2022-01-06 20:29:13 UTC",-67.80023,-67.284884
"KB_17","good","Male",c(-68.068935, -67.570716),"2022-01-06 20:39:14 UTC",-67.806838,-67.281117
"KB_17","good","Male",c(-68.068935, -67.570716),"2022-01-06 20:50:37 UTC",-67.811397,-67.278568
"KB_17","good","Male",c(-68.068935, -67.570716),"2022-01-06 21:00:36 UTC",-67.808642,-67.278992
"KB_17","good","Male",c(-68.068935, -67.570716),"2022-01-06 21:10:34 UTC",-67.810436,-67.278156
"KB_17","good","Male",c(-68.068935, -67.570716),"2022-01-06 21:20:43 UTC",-67.810329,-67.279341
"KB_17","good","Male",c(-68.068935, -67.570716),"2022-01-06 21:30:32 UTC",-67.896018,-67.385846
"KB_17","good","Male",c(-68.068935, -67.570716),"2022-01-06 21:40:31 UTC",-68.007072,-67.493863
"KB_43","good","Female",c(-68.068935, -67.570716),"2022-12-30 17:56:34 UTC",0,0
"KB_45","good","Female",c(-68.068935, -67.570716),"2022-12-30 17:55:14 UTC",0,0
"KB_45","good","Female",c(-68.068935, -67.570716),"2022-12-30 18:20:49 UTC",0,0
"KB_45","good","Female",c(-68.068935, -67.570716),"2022-12-30 23:32:39 UTC",-68.056445,-67.534122
"KB_45","good","Female",c(-68.068935, -67.570716),"2022-12-30 23:34:39 UTC",-68.047441,-67.520719
"KB_45","good","Female",c(-68.068935, -67.570716),"2022-12-30 23:36:38 UTC",-68.037918,-67.50744
"KB_45","good","Female",c(-68.068935, -67.570716),"2022-12-30 23:38:38 UTC",-68.023887,-67.494645
"KB_45","good","Female",c(-68.068935, -67.570716),"2022-12-30 23:40:37 UTC",-68.004689,-67.482993
"KB_45","good","Female",c(-68.068935, -67.570716),"2022-12-30 23:42:36 UTC",-67.9825,-67.472443
"KB_45","good","Female",c(-68.068935, -67.570716),"2022-12-30 23:44:37 UTC",-67.949145,-67.463841
"KB_45","good","Female",c(-68.068935, -67.570716),"2022-12-30 23:46:39 UTC",-67.917773,-67.453788
"KB_45","good","Female",c(-68.068935, -67.570716),"2022-12-30 23:48:38 UTC",-67.896526,-67.440894
"KB_45","good","Female",c(-68.068935, -67.570716),"2022-12-30 23:50:35 UTC",-67.879201,-67.428843
"KB_45","good","Female",c(-68.068935, -67.570716),"2022-12-30 23:52:37 UTC",-67.853058,-67.416261
"KB_45","good","Female",c(-68.068935, -67.570716),"2022-12-30 23:54:32 UTC",-67.830418,-67.402801
"KB_45","good","Female",c(-68.068935, -67.570716),"2022-12-30 23:56:30 UTC",-67.798951,-67.391294
"KB_45","good","Female",c(-68.068935, -67.570716),"2022-12-30 23:58:29 UTC",-67.775912,-67.380033
"KB_45","good","Female",c(-68.068935, -67.570716),"2022-12-31 00:00:29 UTC",-67.757972,-67.369855
"KB_45","good","Female",c(-68.068935, -67.570716),"2022-12-31 00:02:31 UTC",-67.745092,-67.366748
"KB_45","good","Female",c(-68.068935, -67.570716),"2022-12-31 00:04:50 UTC",-67.744718,-67.366125
"KB_45","good","Female",c(-68.068935, -67.570716),"2022-12-31 00:06:48 UTC",-67.752612,-67.360051
"KB_45","good","Female",c(-68.068935, -67.570716),"2022-12-31 00:08:47 UTC",-67.749549,-67.348503
"KB_45","good","Female",c(-68.068935, -67.570716),"2022-12-31 00:10:46 UTC",-67.740579,-67.335189
"KB_45","good","Female",c(-68.068935, -67.570716),"2022-12-31 00:12:46 UTC",-67.719568,-67.324943
"KB_45","good","Female",c(-68.068935, -67.570716),"2022-12-31 00:15:47 UTC",-67.711773,-67.324073
"KB_45","good","Female",c(-68.068935, -67.570716),"2022-12-31 00:17:42 UTC",-67.708307,-67.323764
"KB_45","good","Female",c(-68.068935, -67.570716),"2022-12-31 00:19:43 UTC",-67.708682,-67.323707
"KB_45","good","Female",c(-68.068935, -67.570716),"2022-12-31 00:21:39 UTC",-67.710681,-67.323351
"KB_45","good","Female",c(-68.068935, -67.570716),"2022-12-31 00:23:36 UTC",-67.708779,-67.32377
"KB_45","good","Female",c(-68.068935, -67.570716),"2022-12-31 00:25:35 UTC",-67.708632,-67.32377
"KB_45","good","Female",c(-68.068935, -67.570716),"2022-12-31 00:27:35 UTC",-67.708768,-67.323774
"KB_45","good","Female",c(-68.068935, -67.570716),"2022-12-31 00:29:36 UTC",-67.70998,-67.323528
"KB_45","good","Female",c(-68.068935, -67.570716),"2022-12-31 00:31:43 UTC",-67.709745,-67.323603
"KB_45","good","Female",c(-68.068935, -67.570716),"2022-12-31 00:33:39 UTC",-67.70921,-67.323954
"KB_45","good","Female",c(-68.068935, -67.570716),"2022-12-31 00:35:38 UTC",-67.708001,-67.323715
"KB_45","good","Female",c(-68.068935, -67.570716),"2022-12-31 00:37:35 UTC",-67.70894,-67.323835
"KB_45","good","Female",c(-68.068935, -67.570716),"2022-12-31 00:39:31 UTC",-67.709139,-67.323822
"KB_45","good","Female",c(-68.068935, -67.570716),"2022-12-31 00:41:31 UTC",-67.709378,-67.323841
"KB_45","good","Female",c(-68.068935, -67.570716),"2022-12-31 00:43:32 UTC",-67.709133,-67.323878
"KB_45","good","Female",c(-68.068935, -67.570716),"2022-12-31 00:45:32 UTC",-67.709527,-67.323894
"KB_45","good","Female",c(-68.068935, -67.570716),"2022-12-31 00:47:28 UTC",-67.7099,-67.323881
"KB_45","good","Female",c(-68.068935, -67.570716),"2022-12-31 00:49:29 UTC",-67.710219,-67.324018
"KB_45","good","Female",c(-68.068935, -67.570716),"2022-12-31 00:51:25 UTC",-67.712193,-67.324094
"KB_45","good","Female",c(-68.068935, -67.570716),"2022-12-31 00:53:32 UTC",-67.711753,-67.324417
"KB_45","good","Female",c(-68.068935, -67.570716),"2022-12-31 00:55:34 UTC",-67.712018,-67.323919
"KB_45","good","Female",c(-68.068935, -67.570716),"2022-12-31 00:57:31 UTC",-67.711529,-67.324172
"KB_45","good","Female",c(-68.068935, -67.570716),"2022-12-31 00:59:32 UTC",-67.711336,-67.323999
"KB_45","good","Female",c(-68.068935, -67.570716),"2022-12-31 01:01:28 UTC",-67.710841,-67.323538
"KB_45","good","Female",c(-68.068935, -67.570716),"2022-12-31 01:03:27 UTC",-67.711562,-67.323189
"KB_45","good","Female",c(-68.068935, -67.570716),"2022-12-31 01:05:27 UTC",-67.712668,-67.32296
"KB_45","good","Female",c(-68.068935, -67.570716),"2022-12-31 01:07:28 UTC",-67.712931,-67.322904
"KB_45","good","Female",c(-68.068935, -67.570716),"2022-12-31 01:09:25 UTC",-67.704204,-67.322329
"KB_45","good","Female",c(-68.068935, -67.570716),"2022-12-31 01:11:23 UTC",-67.704268,-67.322534
"KB_45","good","Female",c(-68.068935, -67.570716),"2022-12-31 01:13:23 UTC",-67.704306,-67.322628
"KB_45","good","Female",c(-68.068935, -67.570716),"2022-12-31 01:15:26 UTC",-67.704723,-67.322617
"KB_45","good","Female",c(-68.068935, -67.570716),"2022-12-31 01:17:29 UTC",-67.704155,-67.322463
"KB_45","good","Female",c(-68.068935, -67.570716),"2022-12-31 01:19:28 UTC",-67.705202,-67.32292
"KB_45","good","Female",c(-68.068935, -67.570716),"2022-12-31 01:21:23 UTC",-67.70512,-67.322616
"KB_45","good","Female",c(-68.068935, -67.570716),"2022-12-31 01:23:22 UTC",-67.705306,-67.3228
"KB_45","good","Female",c(-68.068935, -67.570716),"2022-12-31 01:25:21 UTC",-67.705373,-67.322774
"KB_45","good","Female",c(-68.068935, -67.570716),"2022-12-31 01:27:20 UTC",-67.705608,-67.322813
"KB_45","good","Female",c(-68.068935, -67.570716),"2022-12-31 01:29:24 UTC",-67.705703,-67.323016
"KB_45","good","Female",c(-68.068935, -67.570716),"2022-12-31 01:31:21 UTC",-67.70563,-67.322843
"KB_45","good","Female",c(-68.068935, -67.570716),"2022-12-31 01:33:23 UTC",-67.705572,-67.322929
"KB_45","good","Female",c(-68.068935, -67.570716),"2022-12-31 01:35:20 UTC",-67.707746,-67.324136
"KB_45","good","Female",c(-68.068935, -67.570716),"2022-12-31 01:37:17 UTC",-67.70753,-67.324215
"KB_45","good","Female",c(-68.068935, -67.570716),"2022-12-31 01:40:09 UTC",-67.70794,-67.324172
"KB_45","good","Female",c(-68.068935, -67.570716),"2022-12-31 01:42:52 UTC",-67.707053,-67.324183
"KB_45","good","Female",c(-68.068935, -67.570716),"2022-12-31 01:44:53 UTC",-67.707037,-67.324001
"KB_45","good","Female",c(-68.068935, -67.570716),"2022-12-31 01:46:52 UTC",-67.707258,-67.323894
"KB_45","good","Female",c(-68.068935, -67.570716),"2022-12-31 01:48:51 UTC",-67.704945,-67.323446
"KB_45","good","Female",c(-68.068935, -67.570716),"2022-12-31 01:50:52 UTC",-67.728776,-67.336133
"KB_45","good","Female",c(-68.068935, -67.570716),"2022-12-31 01:52:48 UTC",-67.746201,-67.348829
"KB_45","good","Female",c(-68.068935, -67.570716),"2022-12-31 01:54:47 UTC",-67.746517,-67.348842
"KB_45","good","Female",c(-68.068935, -67.570716),"2022-12-31 01:56:47 UTC",-67.746868,-67.348883
"KB_45","good","Female",c(-68.068935, -67.570716),"2022-12-31 01:58:45 UTC",-67.746774,-67.348894
"KB_45","good","Female",c(-68.068935, -67.570716),"2022-12-31 02:00:44 UTC",-67.746321,-67.348779
"KB_45","good","Female",c(-68.068935, -67.570716),"2022-12-31 02:02:43 UTC",-67.746666,-67.348837
"KB_45","good","Female",c(-68.068935, -67.570716),"2022-12-31 02:04:43 UTC",-67.763378,-67.36159
"KB_45","good","Female",c(-68.068935, -67.570716),"2022-12-31 02:06:45 UTC",-67.805695,-67.382572
"KB_45","good","Female",c(-68.068935, -67.570716),"2022-12-31 02:08:41 UTC",-67.845512,-67.399264
"KB_45","good","Female",c(-68.068935, -67.570716),"2022-12-31 02:10:43 UTC",-67.888521,-67.415859
"KB_45","good","Female",c(-68.068935, -67.570716),"2022-12-31 02:12:42 UTC",-67.92334,-67.436203
"KB_45","good","Female",c(-68.068935, -67.570716),"2022-12-31 02:14:39 UTC",-67.957439,-67.455575
"KB_45","good","Female",c(-68.068935, -67.570716),"2022-12-31 02:16:40 UTC",-67.99476,-67.474009
"KB_45","good","Female",c(-68.068935, -67.570716),"2022-12-31 02:18:39 UTC",-68.034982,-67.492279
"KB_45","good","Female",c(-68.068935, -67.570716),"2022-12-31 02:20:38 UTC",-68.052224,-67.515858
"KB_45","good","Female",c(-68.068935, -67.570716),"2022-12-31 02:22:37 UTC",-68.069097,-67.540774
"KB_42","good","Female",c(-68.068935, -67.570716),"2022-12-30 18:52:55 UTC",0,0
"KB_42","good","Female",c(-68.068935, -67.570716),"2022-12-31 08:27:54 UTC",0,0
"KB_42","good","Female",c(-68.068935, -67.570716),"2022-12-31 12:44:18 UTC",-68.175377,-67.560129
"KB_42","good","Female",c(-68.068935, -67.570716),"2022-12-31 12:46:17 UTC",-68.210574,-67.551606
"KB_42","good","Female",c(-68.068935, -67.570716),"2022-12-31 12:49:23 UTC",-68.217762,-67.550541
"KB_42","good","Female",c(-68.068935, -67.570716),"2022-12-31 12:51:22 UTC",-68.226496,-67.544563
"KB_42","good","Female",c(-68.068935, -67.570716),"2022-12-31 12:54:19 UTC",-67.39642199,-67.37308005
"KB_42","good","Female",c(-68.068935, -67.570716),"2022-12-31 12:56:59 UTC",-68.224563,-67.54582
"KB_42","good","Female",c(-68.068935, -67.570716),"2022-12-31 12:58:58 UTC",-68.229514,-67.54379
"KB_42","good","Female",c(-68.068935, -67.570716),"2022-12-31 13:02:38 UTC",-68.231179,-67.543891
"KB_42","good","Female",c(-68.068935, -67.570716),"2022-12-31 13:04:37 UTC",-68.231721,-67.54386
"KB_42","good","Female",c(-68.068935, -67.570716),"2022-12-31 13:06:36 UTC",-68.232058,-67.543994
"KB_42","good","Female",c(-68.068935, -67.570716),"2022-12-31 13:08:35 UTC",-68.208437,-67.552214
"KB_42","good","Female",c(-68.068935, -67.570716),"2022-12-31 13:11:09 UTC",0,0
"KB_42","good","Female",c(-68.068935, -67.570716),"2022-12-31 13:13:51 UTC",-68.171571,-67.560821
"KB_42","good","Female",c(-68.068935, -67.570716),"2022-12-31 13:15:50 UTC",-68.172038,-67.560996
"KB_42","good","Female",c(-68.068935, -67.570716),"2022-12-31 13:17:49 UTC",-68.169894,-67.55993
"KB_42","good","Female",c(-68.068935, -67.570716),"2022-12-31 13:19:51 UTC",-68.169703,-67.55874
"KB_42","good","Female",c(-68.068935, -67.570716),"2022-12-31 13:22:08 UTC",-68.16918,-67.559031
"KB_42","good","Female",c(-68.068935, -67.570716),"2022-12-31 13:24:27 UTC",-68.168869,-67.559464
"KB_42","good","Female",c(-68.068935, -67.570716),"2022-12-31 13:26:52 UTC",-68.168032,-67.560139
"KB_42","good","Female",c(-68.068935, -67.570716),"2022-12-31 13:29:00 UTC",-68.166983,-67.560598
"KB_42","good","Female",c(-68.068935, -67.570716),"2022-12-31 13:30:50 UTC",-68.165186,-67.564566
"KB_38","unusable","Male",c(-68.068935, -67.570716),"2022-12-30 20:33:27 UTC",0,0
"KB_38","unusable","Male",c(-68.068935, -67.570716),"2022-12-30 20:35:26 UTC",0,0
"KB_38","unusable","Male",c(-68.068935, -67.570716),"2022-12-30 20:41:22 UTC",0,0
"KB_38","unusable","Male",c(-68.068935, -67.570716),"2022-12-30 20:43:21 UTC",0,0
"KB_38","unusable","Male",c(-68.068935, -67.570716),"2022-12-30 20:45:19 UTC",0,0
"KB_38","unusable","Male",c(-68.068935, -67.570716),"2022-12-30 20:47:18 UTC",0,0
"KB_38","unusable","Male",c(-68.068935, -67.570716),"2022-12-30 20:49:17 UTC",0,0
"KB_38","unusable","Male",c(-68.068935, -67.570716),"2022-12-30 20:51:16 UTC",0,0
"KB_38","unusable","Male",c(-68.068935, -67.570716),"2022-12-30 20:56:02 UTC",0,0
"KB_38","unusable","Male",c(-68.068935, -67.570716),"2022-12-30 20:58:00 UTC",0,0
"KB_38","unusable","Male",c(-68.068935, -67.570716),"2022-12-30 21:00:00 UTC",0,0
"KB_38","unusable","Male",c(-68.068935, -67.570716),"2022-12-30 21:01:58 UTC",0,0
"KB_38","unusable","Male",c(-68.068935, -67.570716),"2022-12-30 21:03:57 UTC",0,0
"KB_38","unusable","Male",c(-68.068935, -67.570716),"2022-12-30 21:05:57 UTC",0,0
"KB_38","unusable","Male",c(-68.068935, -67.570716),"2022-12-30 21:11:38 UTC",0,0
"KB_38","unusable","Male",c(-68.068935, -67.570716),"2022-12-30 21:13:38 UTC",0,0
"KB_38","unusable","Male",c(-68.068935, -67.570716),"2022-12-30 21:15:36 UTC",0,0
"KB_38","unusable","Male",c(-68.068935, -67.570716),"2022-12-30 21:17:35 UTC",0,0
"KB_38","unusable","Male",c(-68.068935, -67.570716),"2022-12-30 21:19:34 UTC",0,0
"KB_38","unusable","Male",c(-68.068935, -67.570716),"2022-12-30 21:21:33 UTC",0,0
"KB_38","unusable","Male",c(-68.068935, -67.570716),"2022-12-30 21:23:32 UTC",0,0
"KB_38","unusable","Male",c(-68.068935, -67.570716),"2022-12-30 21:25:31 UTC",0,0
"KB_38","unusable","Male",c(-68.068935, -67.570716),"2022-12-30 21:27:32 UTC",0,0
"KB_38","unusable","Male",c(-68.068935, -67.570716),"2022-12-30 21:29:30 UTC",0,0
"KB_38","unusable","Male",c(-68.068935, -67.570716),"2022-12-30 21:31:29 UTC",0,0
"KB_38","unusable","Male",c(-68.068935, -67.570716),"2022-12-30 21:33:28 UTC",0,0
"KB_38","unusable","Male",c(-68.068935, -67.570716),"2022-12-30 21:35:27 UTC",0,0
"KB_38","unusable","Male",c(-68.068935, -67.570716),"2022-12-30 21:37:26 UTC",0,0
"KB_38","unusable","Male",c(-68.068935, -67.570716),"2022-12-30 21:39:26 UTC",0,0
"KB_38","unusable","Male",c(-68.068935, -67.570716),"2022-12-30 21:41:24 UTC",0,0
"KB_38","unusable","Male",c(-68.068935, -67.570716),"2022-12-30 21:43:22 UTC",0,0
"KB_38","unusable","Male",c(-68.068935, -67.570716),"2022-12-30 21:45:16 UTC",0,0
"KB_38","unusable","Male",c(-68.068935, -67.570716),"2022-12-30 21:47:15 UTC",0,0
"KB_38","unusable","Male",c(-68.068935, -67.570716),"2022-12-30 21:49:14 UTC",0,0
"KB_38","unusable","Male",c(-68.068935, -67.570716),"2022-12-30 21:51:13 UTC",0,0
"KB_38","unusable","Male",c(-68.068935, -67.570716),"2022-12-30 21:53:12 UTC",0,0
"KB_38","unusable","Male",c(-68.068935, -67.570716),"2022-12-30 21:55:12 UTC",0,0
"KB_38","unusable","Male",c(-68.068935, -67.570716),"2022-12-30 21:57:11 UTC",0,0
"KB_38","unusable","Male",c(-68.068935, -67.570716),"2022-12-30 21:59:12 UTC",0,0
"KB_38","unusable","Male",c(-68.068935, -67.570716),"2022-12-30 22:01:10 UTC",0,0
"KB_38","unusable","Male",c(-68.068935, -67.570716),"2022-12-30 22:03:09 UTC",0,0
"KB_38","unusable","Male",c(-68.068935, -67.570716),"2022-12-30 22:05:09 UTC",0,0
"KB_38","unusable","Male",c(-68.068935, -67.570716),"2022-12-30 22:07:07 UTC",0,0
"KB_38","unusable","Male",c(-68.068935, -67.570716),"2022-12-30 22:09:08 UTC",0,0
"KB_38","unusable","Male",c(-68.068935, -67.570716),"2022-12-30 22:11:07 UTC",0,0
"KB_38","unusable","Male",c(-68.068935, -67.570716),"2022-12-30 22:13:08 UTC",0,0
"KB_38","unusable","Male",c(-68.068935, -67.570716),"2022-12-30 22:14:52 UTC",0,0
"KB_38","unusable","Male",c(-68.068935, -67.570716),"2022-12-30 22:16:51 UTC",0,0
"KB_38","unusable","Male",c(-68.068935, -67.570716),"2022-12-30 22:18:48 UTC",0,0
"KB_38","unusable","Male",c(-68.068935, -67.570716),"2022-12-30 22:20:50 UTC",0,0
"KB_38","unusable","Male",c(-68.068935, -67.570716),"2022-12-30 22:22:48 UTC",0,0
"KB_38","unusable","Male",c(-68.068935, -67.570716),"2022-12-30 22:24:46 UTC",0,0
"KB_38","unusable","Male",c(-68.068935, -67.570716),"2022-12-30 22:26:45 UTC",0,0
"KB_38","unusable","Male",c(-68.068935, -67.570716),"2022-12-30 22:28:44 UTC",0,0
"KB_38","unusable","Male",c(-68.068935, -67.570716),"2022-12-30 22:30:43 UTC",0,0
"KB_38","unusable","Male",c(-68.068935, -67.570716),"2022-12-30 22:32:42 UTC",0,0
"KB_38","unusable","Male",c(-68.068935, -67.570716),"2022-12-30 22:34:40 UTC",0,0
"KB_38","unusable","Male",c(-68.068935, -67.570716),"2022-12-30 22:36:39 UTC",0,0
"KB_38","unusable","Male",c(-68.068935, -67.570716),"2022-12-30 22:38:38 UTC",0,0
"KB_38","unusable","Male",c(-68.068935, -67.570716),"2022-12-30 22:40:39 UTC",0,0
"KB_38","unusable","Male",c(-68.068935, -67.570716),"2022-12-30 22:42:38 UTC",0,0
"KB_38","unusable","Male",c(-68.068935, -67.570716),"2022-12-30 22:44:23 UTC",0,0
"KB_38","unusable","Male",c(-68.068935, -67.570716),"2022-12-30 22:46:25 UTC",0,0
"KB_38","unusable","Male",c(-68.068935, -67.570716),"2022-12-30 22:48:22 UTC",0,0
"KB_38","unusable","Male",c(-68.068935, -67.570716),"2022-12-30 22:50:23 UTC",0,0
"KB_38","unusable","Male",c(-68.068935, -67.570716),"2022-12-30 22:52:20 UTC",0,0
"KB_38","unusable","Male",c(-68.068935, -67.570716),"2022-12-30 22:54:23 UTC",0,0
"KB_38","unusable","Male",c(-68.068935, -67.570716),"2022-12-30 22:56:20 UTC",0,0
"KB_38","unusable","Male",c(-68.068935, -67.570716),"2022-12-30 22:58:19 UTC",0,0
"KB_38","unusable","Male",c(-68.068935, -67.570716),"2022-12-30 23:00:18 UTC",0,0
"KB_38","unusable","Male",c(-68.068935, -67.570716),"2022-12-30 23:02:15 UTC",0,0
"KB_38","unusable","Male",c(-68.068935, -67.570716),"2022-12-30 23:04:22 UTC",0,0
"KB_38","unusable","Male",c(-68.068935, -67.570716),"2022-12-30 23:06:18 UTC",0,0
"KB_38","unusable","Male",c(-68.068935, -67.570716),"2022-12-30 23:08:12 UTC",0,0
"KB_38","unusable","Male",c(-68.068935, -67.570716),"2022-12-30 23:10:14 UTC",0,0
"KB_38","unusable","Male",c(-68.068935, -67.570716),"2022-12-30 23:12:13 UTC",0,0
"KB_38","unusable","Male",c(-68.068935, -67.570716),"2022-12-30 23:14:00 UTC",0,0
"KB_38","unusable","Male",c(-68.068935, -67.570716),"2022-12-30 23:15:59 UTC",0,0
"KB_38","unusable","Male",c(-68.068935, -67.570716),"2022-12-30 23:18:06 UTC",0,0
"KB_38","unusable","Male",c(-68.068935, -67.570716),"2022-12-30 23:20:03 UTC",0,0
"KB_38","unusable","Male",c(-68.068935, -67.570716),"2022-12-30 23:21:57 UTC",0,0
"KB_38","unusable","Male",c(-68.068935, -67.570716),"2022-12-30 23:24:04 UTC",0,0
"KB_38","unusable","Male",c(-68.068935, -67.570716),"2022-12-30 23:25:56 UTC",0,0
"KB_38","unusable","Male",c(-68.068935, -67.570716),"2022-12-30 23:27:55 UTC",0,0
"KB_38","unusable","Male",c(-68.068935, -67.570716),"2022-12-30 23:29:56 UTC",0,0
"KB_38","unusable","Male",c(-68.068935, -67.570716),"2022-12-30 23:31:57 UTC",0,0
"KB_38","unusable","Male",c(-68.068935, -67.570716),"2022-12-30 23:33:51 UTC",0,0
"KB_38","unusable","Male",c(-68.068935, -67.570716),"2022-12-30 23:35:52 UTC",0,0
"KB_38","unusable","Male",c(-68.068935, -67.570716),"2022-12-30 23:37:55 UTC",0,0
"KB_38","unusable","Male",c(-68.068935, -67.570716),"2022-12-30 23:39:48 UTC",0,0
"KB_38","unusable","Male",c(-68.068935, -67.570716),"2022-12-30 23:41:50 UTC",0,0
"KB_38","unusable","Male",c(-68.068935, -67.570716),"2022-12-30 23:43:39 UTC",0,0
"KB_38","unusable","Male",c(-68.068935, -67.570716),"2022-12-30 23:45:38 UTC",0,0
"KB_38","unusable","Male",c(-68.068935, -67.570716),"2022-12-30 23:47:36 UTC",0,0
"KB_38","unusable","Male",c(-68.068935, -67.570716),"2022-12-30 23:49:36 UTC",0,0
"KB_38","unusable","Male",c(-68.068935, -67.570716),"2022-12-30 23:51:35 UTC",0,0
"KB_38","unusable","Male",c(-68.068935, -67.570716),"2022-12-30 23:53:33 UTC",0,0
"KB_38","unusable","Male",c(-68.068935, -67.570716),"2022-12-30 23:55:32 UTC",0,0
"KB_38","unusable","Male",c(-68.068935, -67.570716),"2022-12-30 23:57:31 UTC",0,0
"KB_38","unusable","Male",c(-68.068935, -67.570716),"2022-12-30 23:59:31 UTC",0,0
"KB_38","unusable","Male",c(-68.068935, -67.570716),"2022-12-31 00:01:29 UTC",0,0
"KB_38","unusable","Male",c(-68.068935, -67.570716),"2022-12-31 00:03:29 UTC",0,0
"KB_38","unusable","Male",c(-68.068935, -67.570716),"2022-12-31 00:05:29 UTC",0,0
"KB_38","unusable","Male",c(-68.068935, -67.570716),"2022-12-31 00:07:27 UTC",0,0
"KB_38","unusable","Male",c(-68.068935, -67.570716),"2022-12-31 00:09:27 UTC",0,0
"KB_38","unusable","Male",c(-68.068935, -67.570716),"2022-12-31 00:11:25 UTC",0,0
"KB_38","unusable","Male",c(-68.068935, -67.570716),"2022-12-31 00:13:14 UTC",0,0
"KB_38","unusable","Male",c(-68.068935, -67.570716),"2022-12-31 00:15:13 UTC",0,0
"KB_38","unusable","Male",c(-68.068935, -67.570716),"2022-12-31 00:17:12 UTC",0,0
"KB_38","unusable","Male",c(-68.068935, -67.570716),"2022-12-31 00:19:13 UTC",0,0
"KB_38","unusable","Male",c(-68.068935, -67.570716),"2022-12-31 00:21:12 UTC",0,0
"KB_38","unusable","Male",c(-68.068935, -67.570716),"2022-12-31 00:23:09 UTC",0,0
"KB_38","unusable","Male",c(-68.068935, -67.570716),"2022-12-31 00:25:07 UTC",0,0
"KB_38","unusable","Male",c(-68.068935, -67.570716),"2022-12-31 00:27:06 UTC",0,0
"KB_38","unusable","Male",c(-68.068935, -67.570716),"2022-12-31 00:29:05 UTC",0,0
"KB_38","unusable","Male",c(-68.068935, -67.570716),"2022-12-31 00:31:04 UTC",0,0
"KB_38","unusable","Male",c(-68.068935, -67.570716),"2022-12-31 00:33:03 UTC",0,0
"KB_38","unusable","Male",c(-68.068935, -67.570716),"2022-12-31 00:35:03 UTC",0,0
"KB_38","unusable","Male",c(-68.068935, -67.570716),"2022-12-31 00:37:02 UTC",0,0
"KB_38","unusable","Male",c(-68.068935, -67.570716),"2022-12-31 00:39:02 UTC",0,0
"KB_38","unusable","Male",c(-68.068935, -67.570716),"2022-12-31 00:41:00 UTC",0,0
"KB_38","unusable","Male",c(-68.068935, -67.570716),"2022-12-31 00:42:54 UTC",0,0
"KB_38","unusable","Male",c(-68.068935, -67.570716),"2022-12-31 00:44:48 UTC",0,0
"KB_38","unusable","Male",c(-68.068935, -67.570716),"2022-12-31 00:46:48 UTC",0,0
"KB_38","unusable","Male",c(-68.068935, -67.570716),"2022-12-31 00:48:49 UTC",0,0
"KB_38","unusable","Male",c(-68.068935, -67.570716),"2022-12-31 00:50:46 UTC",0,0
"KB_38","unusable","Male",c(-68.068935, -67.570716),"2022-12-31 00:52:44 UTC",0,0
"KB_38","unusable","Male",c(-68.068935, -67.570716),"2022-12-31 00:54:43 UTC",0,0
"KB_38","unusable","Male",c(-68.068935, -67.570716),"2022-12-31 00:56:45 UTC",0,0
"KB_38","unusable","Male",c(-68.068935, -67.570716),"2022-12-31 00:58:41 UTC",0,0
"KB_38","unusable","Male",c(-68.068935, -67.570716),"2022-12-31 01:00:40 UTC",0,0
"KB_38","unusable","Male",c(-68.068935, -67.570716),"2022-12-31 01:02:39 UTC",0,0
"KB_38","unusable","Male",c(-68.068935, -67.570716),"2022-12-31 01:04:41 UTC",0,0
"KB_38","unusable","Male",c(-68.068935, -67.570716),"2022-12-31 01:06:39 UTC",0,0
"KB_38","unusable","Male",c(-68.068935, -67.570716),"2022-12-31 01:08:37 UTC",0,0
"KB_38","unusable","Male",c(-68.068935, -67.570716),"2022-12-31 01:10:36 UTC",0,0
"KB_38","unusable","Male",c(-68.068935, -67.570716),"2022-12-31 01:12:36 UTC",0,0
"KB_38","unusable","Male",c(-68.068935, -67.570716),"2022-12-31 01:14:35 UTC",0,0
"KB_38","unusable","Male",c(-68.068935, -67.570716),"2022-12-31 01:16:34 UTC",0,0
"KB_38","unusable","Male",c(-68.068935, -67.570716),"2022-12-31 01:18:33 UTC",0,0
"KB_38","unusable","Male",c(-68.068935, -67.570716),"2022-12-31 01:20:32 UTC",0,0
"KB_38","unusable","Male",c(-68.068935, -67.570716),"2022-12-31 01:22:31 UTC",0,0
"KB_38","unusable","Male",c(-68.068935, -67.570716),"2022-12-31 01:24:30 UTC",0,0
"KB_38","unusable","Male",c(-68.068935, -67.570716),"2022-12-31 01:26:30 UTC",0,0
"KB_38","unusable","Male",c(-68.068935, -67.570716),"2022-12-31 01:28:28 UTC",0,0
"KB_38","unusable","Male",c(-68.068935, -67.570716),"2022-12-31 01:30:30 UTC",0,0
"KB_38","unusable","Male",c(-68.068935, -67.570716),"2022-12-31 01:32:27 UTC",0,0
"KB_38","unusable","Male",c(-68.068935, -67.570716),"2022-12-31 01:34:26 UTC",0,0
"KB_38","unusable","Male",c(-68.068935, -67.570716),"2022-12-31 01:36:26 UTC",0,0
"KB_38","unusable","Male",c(-68.068935, -67.570716),"2022-12-31 01:38:24 UTC",0,0
"KB_38","unusable","Male",c(-68.068935, -67.570716),"2022-12-31 01:40:23 UTC",0,0
"KB_38","unusable","Male",c(-68.068935, -67.570716),"2022-12-31 01:42:23 UTC",0,0
"KB_38","unusable","Male",c(-68.068935, -67.570716),"2022-12-31 01:44:23 UTC",0,0
"KB_38","unusable","Male",c(-68.068935, -67.570716),"2022-12-31 01:46:22 UTC",0,0
"KB_38","unusable","Male",c(-68.068935, -67.570716),"2022-12-31 01:48:26 UTC",0,0
"KB_38","unusable","Male",c(-68.068935, -67.570716),"2022-12-31 01:50:26 UTC",0,0
"KB_38","unusable","Male",c(-68.068935, -67.570716),"2022-12-31 01:52:21 UTC",0,0
"KB_38","unusable","Male",c(-68.068935, -67.570716),"2022-12-31 01:54:18 UTC",0,0
"KB_38","unusable","Male",c(-68.068935, -67.570716),"2022-12-31 01:56:16 UTC",0,0
"KB_38","unusable","Male",c(-68.068935, -67.570716),"2022-12-31 01:58:16 UTC",0,0
"KB_38","unusable","Male",c(-68.068935, -67.570716),"2022-12-31 02:00:17 UTC",0,0
"KB_38","unusable","Male",c(-68.068935, -67.570716),"2022-12-31 02:02:14 UTC",0,0
"KB_38","unusable","Male",c(-68.068935, -67.570716),"2022-12-31 02:04:12 UTC",0,0
"KB_38","unusable","Male",c(-68.068935, -67.570716),"2022-12-31 02:06:14 UTC",0,0
"KB_38","unusable","Male",c(-68.068935, -67.570716),"2022-12-31 02:08:12 UTC",0,0
"KB_38","unusable","Male",c(-68.068935, -67.570716),"2022-12-31 02:10:10 UTC",0,0
"KB_38","unusable","Male",c(-68.068935, -67.570716),"2022-12-31 02:12:09 UTC",0,0
"KB_38","unusable","Male",c(-68.068935, -67.570716),"2022-12-31 02:14:09 UTC",0,0
"KB_38","unusable","Male",c(-68.068935, -67.570716),"2022-12-31 02:16:08 UTC",0,0
"KB_38","unusable","Male",c(-68.068935, -67.570716),"2022-12-31 02:18:07 UTC",0,0
"KB_38","unusable","Male",c(-68.068935, -67.570716),"2022-12-31 02:20:05 UTC",0,0
"KB_38","unusable","Male",c(-68.068935, -67.570716),"2022-12-31 02:22:04 UTC",0,0
"KB_38","unusable","Male",c(-68.068935, -67.570716),"2022-12-31 02:24:04 UTC",0,0
"KB_38","unusable","Male",c(-68.068935, -67.570716),"2022-12-31 02:26:05 UTC",0,0
"KB_38","unusable","Male",c(-68.068935, -67.570716),"2022-12-31 02:28:01 UTC",0,0
"KB_38","unusable","Male",c(-68.068935, -67.570716),"2022-12-31 02:30:01 UTC",0,0
"KB_38","unusable","Male",c(-68.068935, -67.570716),"2022-12-31 02:32:00 UTC",0,0
"KB_38","unusable","Male",c(-68.068935, -67.570716),"2022-12-31 02:33:59 UTC",0,0
"KB_38","unusable","Male",c(-68.068935, -67.570716),"2022-12-31 02:35:58 UTC",0,0
"KB_38","unusable","Male",c(-68.068935, -67.570716),"2022-12-31 02:38:00 UTC",0,0
"KB_38","unusable","Male",c(-68.068935, -67.570716),"2022-12-31 02:39:57 UTC",0,0
"KB_38","unusable","Male",c(-68.068935, -67.570716),"2022-12-31 02:41:55 UTC",0,0
"KB_38","unusable","Male",c(-68.068935, -67.570716),"2022-12-31 02:43:55 UTC",0,0
"KB_38","unusable","Male",c(-68.068935, -67.570716),"2022-12-31 02:45:53 UTC",0,0
"KB_38","unusable","Male",c(-68.068935, -67.570716),"2022-12-31 02:47:52 UTC",0,0
"KB_38","unusable","Male",c(-68.068935, -67.570716),"2022-12-31 02:49:52 UTC",0,0
"KB_38","unusable","Male",c(-68.068935, -67.570716),"2022-12-31 02:51:50 UTC",0,0
"KB_38","unusable","Male",c(-68.068935, -67.570716),"2022-12-31 02:53:50 UTC",0,0
"KB_38","unusable","Male",c(-68.068935, -67.570716),"2022-12-31 02:55:48 UTC",0,0
"KB_38","unusable","Male",c(-68.068935, -67.570716),"2022-12-31 02:57:47 UTC",0,0
"KB_38","unusable","Male",c(-68.068935, -67.570716),"2022-12-31 02:59:47 UTC",0,0
"KB_38","unusable","Male",c(-68.068935, -67.570716),"2022-12-31 03:01:45 UTC",0,0
"KB_38","unusable","Male",c(-68.068935, -67.570716),"2022-12-31 03:03:44 UTC",0,0
"KB_38","unusable","Male",c(-68.068935, -67.570716),"2022-12-31 03:05:44 UTC",0,0
"KB_38","unusable","Male",c(-68.068935, -67.570716),"2022-12-31 03:07:43 UTC",0,0
"KB_38","unusable","Male",c(-68.068935, -67.570716),"2022-12-31 03:09:43 UTC",0,0
"KB_38","unusable","Male",c(-68.068935, -67.570716),"2022-12-31 03:11:41 UTC",0,0
"KB_38","unusable","Male",c(-68.068935, -67.570716),"2022-12-31 03:13:40 UTC",0,0
"KB_38","unusable","Male",c(-68.068935, -67.570716),"2022-12-31 03:15:42 UTC",0,0
"KB_38","unusable","Male",c(-68.068935, -67.570716),"2022-12-31 03:17:39 UTC",0,0
"KB_38","unusable","Male",c(-68.068935, -67.570716),"2022-12-31 03:19:38 UTC",0,0
"KB_38","unusable","Male",c(-68.068935, -67.570716),"2022-12-31 03:21:36 UTC",0,0
"KB_38","unusable","Male",c(-68.068935, -67.570716),"2022-12-31 03:23:35 UTC",0,0
"KB_38","unusable","Male",c(-68.068935, -67.570716),"2022-12-31 03:25:35 UTC",0,0
"KB_38","unusable","Male",c(-68.068935, -67.570716),"2022-12-31 03:27:34 UTC",0,0
"KB_38","unusable","Male",c(-68.068935, -67.570716),"2022-12-31 03:29:33 UTC",0,0
"KB_38","unusable","Male",c(-68.068935, -67.570716),"2022-12-31 03:31:32 UTC",0,0
"KB_38","unusable","Male",c(-68.068935, -67.570716),"2022-12-31 03:33:31 UTC",0,0
"KB_38","unusable","Male",c(-68.068935, -67.570716),"2022-12-31 03:35:31 UTC",0,0
"KB_38","unusable","Male",c(-68.068935, -67.570716),"2022-12-31 03:37:30 UTC",0,0
"KB_38","unusable","Male",c(-68.068935, -67.570716),"2022-12-31 03:39:29 UTC",0,0
"KB_38","unusable","Male",c(-68.068935, -67.570716),"2022-12-31 03:41:30 UTC",0,0
"KB_38","unusable","Male",c(-68.068935, -67.570716),"2022-12-31 03:43:27 UTC",0,0
"KB_38","unusable","Male",c(-68.068935, -67.570716),"2022-12-31 03:45:28 UTC",0,0
"KB_38","unusable","Male",c(-68.068935, -67.570716),"2022-12-31 03:47:33 UTC",0,0
"KB_38","unusable","Male",c(-68.068935, -67.570716),"2022-12-31 03:49:24 UTC",0,0
"KB_38","unusable","Male",c(-68.068935, -67.570716),"2022-12-31 03:51:25 UTC",0,0
"KB_38","unusable","Male",c(-68.068935, -67.570716),"2022-12-31 03:53:24 UTC",0,0
"KB_38","unusable","Male",c(-68.068935, -67.570716),"2022-12-31 03:55:21 UTC",0,0
"KB_38","unusable","Male",c(-68.068935, -67.570716),"2022-12-31 03:57:22 UTC",0,0
"KB_38","unusable","Male",c(-68.068935, -67.570716),"2022-12-31 03:59:18 UTC",0,0
"KB_38","unusable","Male",c(-68.068935, -67.570716),"2022-12-31 04:01:17 UTC",0,0
"KB_38","unusable","Male",c(-68.068935, -67.570716),"2022-12-31 04:03:17 UTC",0,0
"KB_38","unusable","Male",c(-68.068935, -67.570716),"2022-12-31 04:05:16 UTC",0,0
"KB_38","unusable","Male",c(-68.068935, -67.570716),"2022-12-31 04:07:18 UTC",0,0
"KB_38","unusable","Male",c(-68.068935, -67.570716),"2022-12-31 04:09:15 UTC",0,0
"KB_38","unusable","Male",c(-68.068935, -67.570716),"2022-12-31 04:11:13 UTC",0,0
"KB_38","unusable","Male",c(-68.068935, -67.570716),"2022-12-31 04:13:13 UTC",0,0
"KB_38","unusable","Male",c(-68.068935, -67.570716),"2022-12-31 04:15:12 UTC",0,0
"KB_38","unusable","Male",c(-68.068935, -67.570716),"2022-12-31 04:17:11 UTC",0,0
"KB_38","unusable","Male",c(-68.068935, -67.570716),"2022-12-31 04:19:10 UTC",0,0
"KB_38","unusable","Male",c(-68.068935, -67.570716),"2022-12-31 04:21:09 UTC",0,0
"KB_38","unusable","Male",c(-68.068935, -67.570716),"2022-12-31 04:23:10 UTC",0,0
"KB_38","unusable","Male",c(-68.068935, -67.570716),"2022-12-31 04:25:15 UTC",0,0
"KB_38","unusable","Male",c(-68.068935, -67.570716),"2022-12-31 04:27:15 UTC",0,0
"KB_38","unusable","Male",c(-68.068935, -67.570716),"2022-12-31 04:29:09 UTC",0,0
"KB_38","unusable","Male",c(-68.068935, -67.570716),"2022-12-31 04:31:15 UTC",0,0
"KB_38","unusable","Male",c(-68.068935, -67.570716),"2022-12-31 04:33:15 UTC",0,0
"KB_38","unusable","Male",c(-68.068935, -67.570716),"2022-12-31 04:35:17 UTC",0,0
"KB_38","unusable","Male",c(-68.068935, -67.570716),"2022-12-31 04:37:06 UTC",0,0
"KB_38","unusable","Male",c(-68.068935, -67.570716),"2022-12-31 04:39:13 UTC",0,0
"KB_38","unusable","Male",c(-68.068935, -67.570716),"2022-12-31 04:41:34 UTC",0,0
"KB_38","unusable","Male",c(-68.068935, -67.570716),"2022-12-31 04:43:33 UTC",0,0
"KB_38","unusable","Male",c(-68.068935, -67.570716),"2022-12-31 04:45:27 UTC",0,0
"KB_38","unusable","Male",c(-68.068935, -67.570716),"2022-12-31 04:47:26 UTC",0,0
"KB_38","unusable","Male",c(-68.068935, -67.570716),"2022-12-31 04:49:34 UTC",0,0
"KB_38","unusable","Male",c(-68.068935, -67.570716),"2022-12-31 04:51:32 UTC",0,0
"KB_38","unusable","Male",c(-68.068935, -67.570716),"2022-12-31 04:53:26 UTC",0,0
"KB_38","unusable","Male",c(-68.068935, -67.570716),"2022-12-31 04:55:22 UTC",0,0
"KB_38","unusable","Male",c(-68.068935, -67.570716),"2022-12-31 04:57:23 UTC",0,0
"KB_38","unusable","Male",c(-68.068935, -67.570716),"2022-12-31 04:59:28 UTC",0,0
"KB_38","unusable","Male",c(-68.068935, -67.570716),"2022-12-31 05:01:23 UTC",0,0
"KB_38","unusable","Male",c(-68.068935, -67.570716),"2022-12-31 05:03:30 UTC",0,0
"KB_38","unusable","Male",c(-68.068935, -67.570716),"2022-12-31 05:05:35 UTC",0,0
"KB_38","unusable","Male",c(-68.068935, -67.570716),"2022-12-31 05:07:26 UTC",0,0
"KB_38","unusable","Male",c(-68.068935, -67.570716),"2022-12-31 05:09:27 UTC",0,0
"KB_38","unusable","Male",c(-68.068935, -67.570716),"2022-12-31 05:11:26 UTC",0,0
"KB_38","unusable","Male",c(-68.068935, -67.570716),"2022-12-31 05:13:34 UTC",0,0
"KB_38","unusable","Male",c(-68.068935, -67.570716),"2022-12-31 05:15:26 UTC",0,0
"KB_38","unusable","Male",c(-68.068935, -67.570716),"2022-12-31 05:17:28 UTC",0,0
"KB_38","unusable","Male",c(-68.068935, -67.570716),"2022-12-31 05:19:33 UTC",0,0
"KB_38","unusable","Male",c(-68.068935, -67.570716),"2022-12-31 05:21:19 UTC",0,0
"KB_38","unusable","Male",c(-68.068935, -67.570716),"2022-12-31 05:23:23 UTC",0,0
"KB_38","unusable","Male",c(-68.068935, -67.570716),"2022-12-31 05:25:25 UTC",0,0
"KB_38","unusable","Male",c(-68.068935, -67.570716),"2022-12-31 05:27:31 UTC",0,0
"KB_38","unusable","Male",c(-68.068935, -67.570716),"2022-12-31 05:29:30 UTC",0,0
"KB_38","unusable","Male",c(-68.068935, -67.570716),"2022-12-31 05:31:28 UTC",0,0
"KB_38","unusable","Male",c(-68.068935, -67.570716),"2022-12-31 05:33:29 UTC",0,0
"KB_38","unusable","Male",c(-68.068935, -67.570716),"2022-12-31 05:35:22 UTC",0,0
"KB_38","unusable","Male",c(-68.068935, -67.570716),"2022-12-31 05:37:25 UTC",0,0
"KB_38","unusable","Male",c(-68.068935, -67.570716),"2022-12-31 05:39:14 UTC",0,0
"KB_38","unusable","Male",c(-68.068935, -67.570716),"2022-12-31 05:41:03 UTC",0,0
"KB_38","unusable","Male",c(-68.068935, -67.570716),"2022-12-31 05:43:04 UTC",0,0
"KB_38","unusable","Male",c(-68.068935, -67.570716),"2022-12-31 05:45:03 UTC",0,0
"KB_38","unusable","Male",c(-68.068935, -67.570716),"2022-12-31 05:47:02 UTC",0,0
"KB_38","unusable","Male",c(-68.068935, -67.570716),"2022-12-31 05:49:00 UTC",0,0
"KB_38","unusable","Male",c(-68.068935, -67.570716),"2022-12-31 05:50:59 UTC",0,0
"KB_38","unusable","Male",c(-68.068935, -67.570716),"2022-12-31 05:53:05 UTC",0,0
"KB_38","unusable","Male",c(-68.068935, -67.570716),"2022-12-31 05:54:59 UTC",0,0
"KB_38","unusable","Male",c(-68.068935, -67.570716),"2022-12-31 05:57:06 UTC",0,0
"KB_38","unusable","Male",c(-68.068935, -67.570716),"2022-12-31 05:59:10 UTC",0,0
"KB_38","unusable","Male",c(-68.068935, -67.570716),"2022-12-31 06:00:56 UTC",0,0
"KB_38","unusable","Male",c(-68.068935, -67.570716),"2022-12-31 06:02:55 UTC",0,0
"KB_38","unusable","Male",c(-68.068935, -67.570716),"2022-12-31 06:04:52 UTC",0,0
"KB_38","unusable","Male",c(-68.068935, -67.570716),"2022-12-31 06:06:50 UTC",0,0
"KB_38","unusable","Male",c(-68.068935, -67.570716),"2022-12-31 06:08:51 UTC",0,0
"KB_38","unusable","Male",c(-68.068935, -67.570716),"2022-12-31 06:10:39 UTC",0,0
"KB_38","unusable","Male",c(-68.068935, -67.570716),"2022-12-31 06:12:38 UTC",0,0
"KB_38","unusable","Male",c(-68.068935, -67.570716),"2022-12-31 06:14:36 UTC",0,0
"KB_38","unusable","Male",c(-68.068935, -67.570716),"2022-12-31 06:16:36 UTC",0,0
"KB_38","unusable","Male",c(-68.068935, -67.570716),"2022-12-31 06:18:34 UTC",0,0
"KB_38","unusable","Male",c(-68.068935, -67.570716),"2022-12-31 06:20:33 UTC",0,0
"KB_38","unusable","Male",c(-68.068935, -67.570716),"2022-12-31 06:22:32 UTC",0,0
"KB_38","unusable","Male",c(-68.068935, -67.570716),"2022-12-31 06:24:31 UTC",0,0
"KB_38","unusable","Male",c(-68.068935, -67.570716),"2022-12-31 06:26:31 UTC",0,0
"KB_38","unusable","Male",c(-68.068935, -67.570716),"2022-12-31 06:28:29 UTC",0,0
"KB_38","unusable","Male",c(-68.068935, -67.570716),"2022-12-31 06:30:28 UTC",0,0
"KB_38","unusable","Male",c(-68.068935, -67.570716),"2022-12-31 06:32:28 UTC",0,0
"KB_38","unusable","Male",c(-68.068935, -67.570716),"2022-12-31 06:34:30 UTC",0,0
"KB_38","unusable","Male",c(-68.068935, -67.570716),"2022-12-31 06:36:28 UTC",0,0
"KB_38","unusable","Male",c(-68.068935, -67.570716),"2022-12-31 06:38:28 UTC",0,0
"KB_38","unusable","Male",c(-68.068935, -67.570716),"2022-12-31 06:40:47 UTC",0,0
"KB_38","unusable","Male",c(-68.068935, -67.570716),"2022-12-31 06:42:46 UTC",0,0
"KB_38","unusable","Male",c(-68.068935, -67.570716),"2022-12-31 06:45:00 UTC",0,0
"KB_38","unusable","Male",c(-68.068935, -67.570716),"2022-12-31 06:46:46 UTC",0,0
"KB_38","unusable","Male",c(-68.068935, -67.570716),"2022-12-31 06:48:45 UTC",0,0
"KB_38","unusable","Male",c(-68.068935, -67.570716),"2022-12-31 06:50:57 UTC",0,0
"KB_38","unusable","Male",c(-68.068935, -67.570716),"2022-12-31 06:52:54 UTC",0,0
"KB_38","unusable","Male",c(-68.068935, -67.570716),"2022-12-31 06:54:40 UTC",0,0
"KB_38","unusable","Male",c(-68.068935, -67.570716),"2022-12-31 06:56:40 UTC",0,0
"KB_38","unusable","Male",c(-68.068935, -67.570716),"2022-12-31 06:58:41 UTC",0,0
"KB_38","unusable","Male",c(-68.068935, -67.570716),"2022-12-31 07:00:38 UTC",0,0
"KB_38","unusable","Male",c(-68.068935, -67.570716),"2022-12-31 07:02:37 UTC",0,0
"KB_38","unusable","Male",c(-68.068935, -67.570716),"2022-12-31 07:04:35 UTC",0,0
"KB_38","unusable","Male",c(-68.068935, -67.570716),"2022-12-31 07:06:35 UTC",0,0
"KB_38","unusable","Male",c(-68.068935, -67.570716),"2022-12-31 07:08:35 UTC",0,0
"KB_38","unusable","Male",c(-68.068935, -67.570716),"2022-12-31 07:10:36 UTC",0,0
"KB_38","unusable","Male",c(-68.068935, -67.570716),"2022-12-31 07:12:33 UTC",0,0
"KB_38","unusable","Male",c(-68.068935, -67.570716),"2022-12-31 07:14:32 UTC",0,0
"KB_38","unusable","Male",c(-68.068935, -67.570716),"2022-12-31 07:16:31 UTC",0,0
"KB_38","unusable","Male",c(-68.068935, -67.570716),"2022-12-31 07:18:30 UTC",0,0
"KB_38","unusable","Male",c(-68.068935, -67.570716),"2022-12-31 07:20:31 UTC",0,0
"KB_38","unusable","Male",c(-68.068935, -67.570716),"2022-12-31 07:22:27 UTC",0,0
"KB_38","unusable","Male",c(-68.068935, -67.570716),"2022-12-31 07:24:29 UTC",0,0
"KB_38","unusable","Male",c(-68.068935, -67.570716),"2022-12-31 07:26:28 UTC",0,0
"KB_38","unusable","Male",c(-68.068935, -67.570716),"2022-12-31 07:28:27 UTC",0,0
"KB_38","unusable","Male",c(-68.068935, -67.570716),"2022-12-31 07:30:26 UTC",0,0
"KB_38","unusable","Male",c(-68.068935, -67.570716),"2022-12-31 07:32:34 UTC",0,0
"KB_38","unusable","Male",c(-68.068935, -67.570716),"2022-12-31 07:34:25 UTC",0,0
"KB_38","unusable","Male",c(-68.068935, -67.570716),"2022-12-31 07:36:37 UTC",0,0
"KB_38","unusable","Male",c(-68.068935, -67.570716),"2022-12-31 07:38:36 UTC",0,0
"KB_38","unusable","Male",c(-68.068935, -67.570716),"2022-12-31 07:40:11 UTC",0,0
"KB_38","unusable","Male",c(-68.068935, -67.570716),"2022-12-31 07:42:10 UTC",0,0
"KB_38","unusable","Male",c(-68.068935, -67.570716),"2022-12-31 07:44:07 UTC",0,0
"KB_38","unusable","Male",c(-68.068935, -67.570716),"2022-12-31 07:46:08 UTC",0,0
"KB_38","unusable","Male",c(-68.068935, -67.570716),"2022-12-31 07:48:04 UTC",0,0
"KB_38","unusable","Male",c(-68.068935, -67.570716),"2022-12-31 07:50:04 UTC",0,0
"KB_38","unusable","Male",c(-68.068935, -67.570716),"2022-12-31 07:52:03 UTC",0,0
"KB_38","unusable","Male",c(-68.068935, -67.570716),"2022-12-31 07:54:04 UTC",0,0
"KB_38","unusable","Male",c(-68.068935, -67.570716),"2022-12-31 07:56:02 UTC",0,0
"KB_38","unusable","Male",c(-68.068935, -67.570716),"2022-12-31 07:58:00 UTC",0,0
"KB_38","unusable","Male",c(-68.068935, -67.570716),"2022-12-31 07:59:58 UTC",0,0
"KB_38","unusable","Male",c(-68.068935, -67.570716),"2022-12-31 08:02:06 UTC",0,0
"KB_38","unusable","Male",c(-68.068935, -67.570716),"2022-12-31 08:04:06 UTC",0,0
"KB_38","unusable","Male",c(-68.068935, -67.570716),"2022-12-31 08:06:00 UTC",0,0
"KB_38","unusable","Male",c(-68.068935, -67.570716),"2022-12-31 08:08:05 UTC",0,0
"KB_38","unusable","Male",c(-68.068935, -67.570716),"2022-12-31 08:09:57 UTC",0,0
"KB_38","unusable","Male",c(-68.068935, -67.570716),"2022-12-31 08:11:54 UTC",0,0
"KB_38","unusable","Male",c(-68.068935, -67.570716),"2022-12-31 08:13:54 UTC",0,0
"KB_38","unusable","Male",c(-68.068935, -67.570716),"2022-12-31 08:15:48 UTC",0,0
"KB_38","unusable","Male",c(-68.068935, -67.570716),"2022-12-31 08:17:45 UTC",0,0
"KB_38","unusable","Male",c(-68.068935, -67.570716),"2022-12-31 08:19:46 UTC",0,0
"KB_38","unusable","Male",c(-68.068935, -67.570716),"2022-12-31 08:21:44 UTC",0,0
"KB_38","unusable","Male",c(-68.068935, -67.570716),"2022-12-31 08:23:44 UTC",0,0
"KB_38","unusable","Male",c(-68.068935, -67.570716),"2022-12-31 08:25:42 UTC",0,0
"KB_38","unusable","Male",c(-68.068935, -67.570716),"2022-12-31 08:27:41 UTC",0,0
"KB_38","unusable","Male",c(-68.068935, -67.570716),"2022-12-31 08:29:46 UTC",0,0
"KB_38","unusable","Male",c(-68.068935, -67.570716),"2022-12-31 08:31:45 UTC",0,0
"KB_38","unusable","Male",c(-68.068935, -67.570716),"2022-12-31 08:33:39 UTC",0,0
"KB_38","unusable","Male",c(-68.068935, -67.570716),"2022-12-31 08:35:40 UTC",0,0
"KB_38","unusable","Male",c(-68.068935, -67.570716),"2022-12-31 08:37:46 UTC",0,0
"KB_38","unusable","Male",c(-68.068935, -67.570716),"2022-12-31 08:39:47 UTC",0,0
"KB_38","unusable","Male",c(-68.068935, -67.570716),"2022-12-31 08:41:39 UTC",0,0
"KB_38","unusable","Male",c(-68.068935, -67.570716),"2022-12-31 08:43:45 UTC",0,0
"KB_38","unusable","Male",c(-68.068935, -67.570716),"2022-12-31 08:45:46 UTC",0,0
"KB_38","unusable","Male",c(-68.068935, -67.570716),"2022-12-31 08:47:40 UTC",0,0
"KB_38","unusable","Male",c(-68.068935, -67.570716),"2022-12-31 08:49:37 UTC",0,0
"KB_38","unusable","Male",c(-68.068935, -67.570716),"2022-12-31 08:51:35 UTC",0,0
"KB_38","unusable","Male",c(-68.068935, -67.570716),"2022-12-31 08:53:37 UTC",0,0
"KB_38","unusable","Male",c(-68.068935, -67.570716),"2022-12-31 08:55:34 UTC",0,0
"KB_38","unusable","Male",c(-68.068935, -67.570716),"2022-12-31 08:57:40 UTC",0,0
"KB_38","unusable","Male",c(-68.068935, -67.570716),"2022-12-31 08:59:35 UTC",0,0
"KB_38","unusable","Male",c(-68.068935, -67.570716),"2022-12-31 09:01:31 UTC",0,0
"KB_38","unusable","Male",c(-68.068935, -67.570716),"2022-12-31 09:03:33 UTC",0,0
"KB_38","unusable","Male",c(-68.068935, -67.570716),"2022-12-31 09:05:33 UTC",0,0
"KB_38","unusable","Male",c(-68.068935, -67.570716),"2022-12-31 09:07:31 UTC",0,0
"KB_38","unusable","Male",c(-68.068935, -67.570716),"2022-12-31 09:10:45 UTC",0,0
"KB_38","unusable","Male",c(-68.068935, -67.570716),"2022-12-31 09:12:44 UTC",0,0
"KB_38","unusable","Male",c(-68.068935, -67.570716),"2022-12-31 09:14:43 UTC",0,0
"KB_38","unusable","Male",c(-68.068935, -67.570716),"2022-12-31 09:16:40 UTC",0,0
"KB_38","unusable","Male",c(-68.068935, -67.570716),"2022-12-31 09:18:39 UTC",0,0
"KB_38","unusable","Male",c(-68.068935, -67.570716),"2022-12-31 09:20:38 UTC",0,0
"KB_38","unusable","Male",c(-68.068935, -67.570716),"2022-12-31 09:22:39 UTC",0,0
"KB_38","unusable","Male",c(-68.068935, -67.570716),"2022-12-31 09:24:36 UTC",0,0
"KB_38","unusable","Male",c(-68.068935, -67.570716),"2022-12-31 09:26:34 UTC",0,0
"KB_38","unusable","Male",c(-68.068935, -67.570716),"2022-12-31 09:28:36 UTC",0,0
"KB_38","unusable","Male",c(-68.068935, -67.570716),"2022-12-31 09:30:36 UTC",0,0
"KB_38","unusable","Male",c(-68.068935, -67.570716),"2022-12-31 09:32:35 UTC",0,0
"KB_38","unusable","Male",c(-68.068935, -67.570716),"2022-12-31 09:34:39 UTC",0,0
"KB_38","unusable","Male",c(-68.068935, -67.570716),"2022-12-31 09:36:32 UTC",0,0
"KB_38","unusable","Male",c(-68.068935, -67.570716),"2022-12-31 09:38:33 UTC",0,0
"KB_38","unusable","Male",c(-68.068935, -67.570716),"2022-12-31 09:40:16 UTC",0,0
"KB_38","unusable","Male",c(-68.068935, -67.570716),"2022-12-31 09:42:23 UTC",0,0
"KB_38","unusable","Male",c(-68.068935, -67.570716),"2022-12-31 09:44:20 UTC",0,0
"KB_38","unusable","Male",c(-68.068935, -67.570716),"2022-12-31 09:46:13 UTC",0,0
"KB_38","unusable","Male",c(-68.068935, -67.570716),"2022-12-31 09:48:12 UTC",0,0
"KB_38","unusable","Male",c(-68.068935, -67.570716),"2022-12-31 09:50:10 UTC",0,0
"KB_38","unusable","Male",c(-68.068935, -67.570716),"2022-12-31 10:28:33 UTC",0,0
"KB_38","unusable","Male",c(-68.068935, -67.570716),"2022-12-31 10:43:58 UTC",0,0
"KB_38","unusable","Male",c(-68.068935, -67.570716),"2022-12-31 10:46:04 UTC",0,0
"KB_38","unusable","Male",c(-68.068935, -67.570716),"2022-12-31 10:47:59 UTC",0,0
"KB_38","unusable","Male",c(-68.068935, -67.570716),"2022-12-31 10:49:56 UTC",0,0
"KB_38","unusable","Male",c(-68.068935, -67.570716),"2022-12-31 10:52:03 UTC",0,0
"KB_38","unusable","Male",c(-68.068935, -67.570716),"2022-12-31 10:53:55 UTC",0,0
"KB_38","unusable","Male",c(-68.068935, -67.570716),"2022-12-31 10:55:54 UTC",0,0
"KB_38","unusable","Male",c(-68.068935, -67.570716),"2022-12-31 10:57:52 UTC",0,0
"KB_38","unusable","Male",c(-68.068935, -67.570716),"2022-12-31 10:59:51 UTC",0,0
"KB_38","unusable","Male",c(-68.068935, -67.570716),"2022-12-31 11:01:53 UTC",0,0
"KB_38","unusable","Male",c(-68.068935, -67.570716),"2022-12-31 11:03:58 UTC",0,0
"KB_38","unusable","Male",c(-68.068935, -67.570716),"2022-12-31 11:05:58 UTC",0,0
"KB_38","unusable","Male",c(-68.068935, -67.570716),"2022-12-31 11:07:56 UTC",0,0
"KB_38","unusable","Male",c(-68.068935, -67.570716),"2022-12-31 11:09:41 UTC",0,0
"KB_38","unusable","Male",c(-68.068935, -67.570716),"2022-12-31 11:11:47 UTC",0,0
"KB_38","unusable","Male",c(-68.068935, -67.570716),"2022-12-31 11:13:40 UTC",0,0
"KB_38","unusable","Male",c(-68.068935, -67.570716),"2022-12-31 11:15:37 UTC",0,0
"KB_38","unusable","Male",c(-68.068935, -67.570716),"2022-12-31 11:17:38 UTC",0,0
"KB_38","unusable","Male",c(-68.068935, -67.570716),"2022-12-31 11:19:37 UTC",0,0
"KB_38","unusable","Male",c(-68.068935, -67.570716),"2022-12-31 11:21:34 UTC",0,0
"KB_38","unusable","Male",c(-68.068935, -67.570716),"2022-12-31 11:23:40 UTC",0,0
"KB_38","unusable","Male",c(-68.068935, -67.570716),"2022-12-31 11:25:32 UTC",0,0
"KB_38","unusable","Male",c(-68.068935, -67.570716),"2022-12-31 11:27:32 UTC",0,0
"KB_38","unusable","Male",c(-68.068935, -67.570716),"2022-12-31 11:29:30 UTC",0,0
"KB_38","unusable","Male",c(-68.068935, -67.570716),"2022-12-31 11:31:32 UTC",0,0
"KB_38","unusable","Male",c(-68.068935, -67.570716),"2022-12-31 11:33:29 UTC",0,0
"KB_38","unusable","Male",c(-68.068935, -67.570716),"2022-12-31 11:35:29 UTC",0,0
"KB_38","unusable","Male",c(-68.068935, -67.570716),"2022-12-31 11:37:27 UTC",0,0
"KB_38","unusable","Male",c(-68.068935, -67.570716),"2022-12-31 11:39:54 UTC",0,0
"KB_38","unusable","Male",c(-68.068935, -67.570716),"2022-12-31 11:41:53 UTC",0,0
"KB_38","unusable","Male",c(-68.068935, -67.570716),"2022-12-31 11:43:52 UTC",0,0
"KB_38","unusable","Male",c(-68.068935, -67.570716),"2022-12-31 11:45:52 UTC",0,0
"KB_38","unusable","Male",c(-68.068935, -67.570716),"2022-12-31 11:47:50 UTC",0,0
"KB_38","unusable","Male",c(-68.068935, -67.570716),"2022-12-31 11:49:49 UTC",0,0
"KB_38","unusable","Male",c(-68.068935, -67.570716),"2022-12-31 11:51:49 UTC",0,0
"KB_38","unusable","Male",c(-68.068935, -67.570716),"2022-12-31 11:56:32 UTC",0,0
"KB_38","unusable","Male",c(-68.068935, -67.570716),"2022-12-31 11:58:30 UTC",0,0
"KB_38","unusable","Male",c(-68.068935, -67.570716),"2022-12-31 12:00:30 UTC",0,0
"KB_38","unusable","Male",c(-68.068935, -67.570716),"2022-12-31 12:02:29 UTC",0,0
"KB_38","unusable","Male",c(-68.068935, -67.570716),"2022-12-31 12:07:38 UTC",0,0
"KB_38","unusable","Male",c(-68.068935, -67.570716),"2022-12-31 12:09:28 UTC",0,0
"KB_38","unusable","Male",c(-68.068935, -67.570716),"2022-12-31 12:11:26 UTC",0,0
"KB_38","unusable","Male",c(-68.068935, -67.570716),"2022-12-31 12:13:25 UTC",0,0
"KB_38","unusable","Male",c(-68.068935, -67.570716),"2022-12-31 12:15:24 UTC",0,0
"KB_38","unusable","Male",c(-68.068935, -67.570716),"2022-12-31 12:17:23 UTC",0,0
"KB_38","unusable","Male",c(-68.068935, -67.570716),"2022-12-31 12:19:23 UTC",0,0
"KB_38","unusable","Male",c(-68.068935, -67.570716),"2022-12-31 12:21:24 UTC",0,0
"KB_38","unusable","Male",c(-68.068935, -67.570716),"2022-12-31 12:23:24 UTC",0,0
"KB_38","unusable","Male",c(-68.068935, -67.570716),"2022-12-31 12:25:20 UTC",0,0
"KB_38","unusable","Male",c(-68.068935, -67.570716),"2022-12-31 12:27:20 UTC",0,0
"KB_38","unusable","Male",c(-68.068935, -67.570716),"2022-12-31 12:29:18 UTC",0,0
